date,Cnsmr,Manuf,HiTec,Hlth ,Other
20150102,-0.57,0.27,-0.24,1.26,-0.36
20150105,-1.21,-2.94,-1.4,0.16,-1.4
20150106,-1.43,-1.83,-1.49,-1.51,-1.3
20150107,1.95,-0.22,0.85,2,0.62
20150108,1.53,1.74,1.64,2.02,1.15
20150109,-1.06,-0.76,-0.43,-0.04,-0.81
20150112,-0.03,-1.62,-0.48,0.46,-0.52
20150113,-0.04,-0.18,-0.01,-1.02,-0.1
20150114,-0.55,0.06,-0.8,0.34,-0.94
20150115,-1.61,-1.86,-1.8,-2.83,-1.16
20150116,1.16,2,1.56,1.88,1.22
20150120,-0.65,-0.92,-0.23,-0.28,-0.56
20150121,0.05,0.86,-0.32,-1.58,0.02
20150122,1.64,1.13,1.32,1.03,1.9
20150123,-0.25,-0.57,0.29,0.04,-0.59
20150126,0.7,1.16,0.81,1.97,0.63
20150127,-0.4,-0.03,-0.65,0.4,-0.52
20150128,-1.29,-2.19,-1.13,-1.28,-1.46
20150129,1.31,0.65,0.89,1.4,0.77
20150130,-1.89,-0.55,-1.5,-1.57,-1.32
20150202,0.65,2.25,0.82,-0.39,1.15
20150203,1.79,3.31,1.8,0.01,1.5
20150204,-0.3,-1.3,-0.12,-0.89,-0.23
20150205,1.04,1.93,1.22,1.88,1.2
20150206,0.19,-0.17,0.07,-0.32,0.27
20150209,-0.64,0.36,-0.34,-0.21,-0.54
20150210,0.41,-0.34,0.75,1.19,0.28
20150211,0.14,-0.39,0.02,0.1,-0.03
20150212,0.48,1.41,1.02,1.22,0.94
20150213,0.51,1.32,0.88,1.17,0.49
20150217,0.05,0.54,0.02,1.63,0.1
20150218,0.34,0.03,-0.02,1.05,-0.19
20150219,0.2,-0.22,0.43,0.44,0.15
20150220,0.04,-0.07,0.21,0.46,0.06
20150223,-0.28,-0.58,-0.53,0.37,-0.28
20150224,0.23,0.48,0.57,-0.6,0.77
20150225,0.21,0.23,0.64,1.4,0.14
20150226,-0.09,-0.46,0.1,1.18,0.05
20150227,-0.35,-0.52,-0.24,-0.85,-0.44
20150302,0.66,-0.12,1.05,1.15,0.66
20150303,-0.37,-0.32,-0.68,-0.41,-0.45
20150304,-0.68,-0.55,-0.35,0.91,-0.48
20150305,0.16,-0.07,0.34,1.12,0.16
20150306,-1.01,-1.5,-1.09,-0.64,-0.51
20150309,0.26,-0.3,-0.05,-0.2,0.28
20150310,-1.22,-2.01,-1.59,-0.65,-1.18
20150311,0.04,0.21,0.13,0.25,0.52
20150312,1.62,0.83,1.3,1.08,1.64
20150313,-0.62,-0.79,-0.38,-0.18,-0.34
20150316,0.19,-0.12,0.29,0.62,0.21
20150317,0.15,-0.03,0.17,0.48,0.12
20150318,0.8,2.01,0.91,0.26,0.14
20150319,0.37,-1.11,0.3,1.83,-0.15
20150320,0.7,0.77,0.33,-1.03,0.81
20150323,0.59,0.33,0.23,-0.61,0.18
20150324,0.37,0.18,-0.13,0.26,0
20150325,-1.33,-0.69,-2.33,-3.7,-1.37
20150326,-0.44,0.07,-0.02,-0.33,0.01
20150327,0.74,-0.11,0.5,0.84,0.12
20150330,1.08,1.02,0.69,0.98,0.89
20150331,-0.39,-0.29,-0.53,-0.76,-0.14
20150401,-0.44,0.1,0.01,-0.55,0.04
20150402,0.86,0.74,0.45,0.18,0.32
20150406,0.26,1.52,0.28,0.04,0.05
20150407,-0.36,0.38,0.15,0.37,-0.16
20150408,0.67,-0.43,0.61,1.4,0.46
20150409,-0.05,0.53,0.19,0.07,-0.01
20150410,0.15,0.34,0.43,1.08,0.09
20150413,-0.15,-0.29,-0.11,0.85,0.14
20150414,-0.11,1.29,-0.12,0.05,-0.04
20150415,0.35,2.23,1.12,0.28,0.76
20150416,-0.22,-0.66,0.08,0.37,-0.14
20150417,-1.36,-1.32,-1.67,-1.38,-1.17
20150420,1.05,0.83,0.86,0.53,0.78
20150421,-0.08,-1.14,0.71,0.38,-0.11
20150422,0.02,0.18,0.38,-0.09,0.27
20150423,0.71,0.73,0.36,1.15,0.2
20150424,0.18,-0.18,-0.45,-0.8,0.1
20150427,-0.71,-0.4,-0.81,-3.56,-0.72
20150428,0.18,0.68,0.57,-0.4,0.83
20150429,-1.28,0.24,-0.78,-0.97,-0.46
20150430,-1.45,-0.92,-1.62,-2.97,-1.33
20150501,0.8,0.31,0.69,1.01,0.39
20150504,0.16,0.19,0.72,1.01,0.21
20150505,-0.87,-1.22,-1.4,-1.99,-0.69
20150506,-0.25,-0.15,-0.18,0.26,0.01
20150507,0.66,-0.48,0.29,0.2,0.37
20150508,0.44,1.02,0.61,0.9,0.41
20150511,0.38,-0.47,0.09,0.35,0.14
20150512,-0.38,0.12,-0.08,-0.21,-0.4
20150513,-0.21,-0.12,0.37,-0.3,0.09
20150514,0.56,0.5,0.71,0.82,0.61
20150515,0.29,0.28,0.07,0.18,-0.2
20150518,0.67,0.29,0.72,0.9,0.55
20150519,-0.53,-1.13,-0.28,-0.56,-0.1
20150520,-0.07,0.02,0.02,1.07,-0.06
20150521,-0.02,0.59,-0.01,-0.22,-0.11
20150522,-0.4,-0.65,-0.01,0.13,-0.29
20150526,-0.9,-1.45,-1,-0.65,-0.78
20150527,0.75,0.48,1.1,1.53,0.71
20150528,-0.19,-0.44,0.24,0.3,-0.04
20150529,-0.67,-0.48,-0.49,0.49,-0.22
20150601,-0.08,-0.15,0,0.34,0.02
20150602,0.42,0.84,0.44,0.37,0.47
20150603,0.85,0.22,1.25,1.67,0.85
20150604,-0.66,-1.09,-0.97,-0.43,-0.68
20150605,0.32,0.45,0.85,1.22,0.65
20150608,-0.47,-0.67,-0.78,0.35,-0.5
20150609,-0.32,-0.01,-0.27,-0.72,0.03
20150610,1.01,1.22,1.01,0.9,1.29
20150611,0.15,-0.24,-0.13,0.06,0.19
20150612,0.14,-0.67,0,-0.31,-0.13
20150615,-0.64,-0.68,-0.18,0.17,-0.13
20150616,0.51,0.45,0.48,0.07,0.48
20150617,0.08,-0.21,0.02,0.29,-0.37
20150618,0.84,0.27,0.86,1.42,0.78
20150619,-0.07,-0.65,-0.29,0.07,-0.27
20150622,0.37,0.38,0.47,1.5,0.7
20150623,0.46,0.53,0.42,-0.17,0.44
20150624,-0.57,-0.83,-0.86,-1.37,-0.7
20150625,-0.17,-0.4,-0.17,-0.18,-0.03
20150626,-0.03,-0.19,-1,-1.12,0.06
20150629,-2.34,-2.27,-2.3,-3.03,-1.96
20150630,0.09,-0.07,0.37,1.93,0.23
20150701,0.41,-0.88,-0.16,-0.34,0.58
20150702,-0.39,-0.24,-0.57,-0.48,-0.55
20150706,-0.27,-1.54,-0.79,0.59,-0.21
20150707,0.17,0.34,-0.34,-0.4,-0.3
20150708,-1.61,-2.43,-1.85,-2.69,-1.32
20150709,0.52,0.54,0.4,1.06,0.63
20150710,1.27,0.5,1.45,2.17,1.19
20150713,1.22,0.77,0.92,1.77,0.67
20150714,0,0.8,0.51,1.48,0.21
20150715,-0.92,-1.61,-0.86,-0.47,-0.38
20150716,0.48,-0.18,0.55,0.88,0.39
20150717,-0.5,-1.33,-0.34,0.22,-0.35
20150720,-0.8,-1.51,-1.09,-1.24,-0.76
20150721,-0.43,-0.39,-0.27,-0.37,-0.12
20150722,0.3,-0.93,-0.46,0.36,0.1
20150723,-1.16,-0.67,-0.25,-0.25,-0.98
20150724,-1.25,-1.84,-1.22,-2.04,-0.62
20150727,-1.31,-1.13,-1.27,-1.32,-0.72
20150728,0.76,1.56,0.43,1.01,0.4
20150729,0.99,1.58,0.23,-0.72,0.9
20150730,0.42,-0.37,0.76,-0.42,0.06
20150731,0.36,-0.48,0.38,0.96,0.29
20150803,-0.66,-1.48,-0.87,-0.58,-0.36
20150804,0.12,-0.53,-0.46,0.07,0.18
20150805,0.34,0.01,0.47,0.07,0.1
20150806,-1.14,0.86,-1.07,-2.62,-0.72
20150807,-0.46,-1.4,-0.4,-0.62,-0.44
20150810,0.86,3.1,1.26,1.02,1.05
20150811,-0.62,-0.96,-1.14,-1.37,-0.78
20150812,-0.09,0.94,0.13,0.53,-0.22
20150813,0.3,-1.13,-0.35,-0.6,-0.11
20150814,0.72,0.28,0.25,-0.49,0.85
20150817,0.32,0.26,0.51,1.83,0.22
20150818,-0.67,-0.53,-1,-0.98,-0.37
20150819,-0.78,-1.51,-0.76,-1.06,-0.61
20150820,-2,-2.13,-2.61,-3.12,-1.83
20150821,-1.9,-2.11,-1.32,-0.79,-1.08
20150824,-3.22,-3.86,-3.51,-4.52,-2.93
20150825,-0.25,-0.95,0.26,0.51,-0.66
20150826,2.24,1.88,2.28,1.94,1.7
20150827,1.97,4.03,1.94,2.58,1.8
20150828,0.75,2.25,1.11,1.67,0.5
20150831,0.32,1.34,0.14,-0.38,0.37
20150901,-1.97,-3.13,-2.01,-1.62,-2.09
20150902,1.29,0.46,1.18,1.91,0.95
20150903,0.22,0.51,0.68,-1.09,0.2
20150904,-0.54,-1.05,-0.7,0.4,-0.53
20150908,1.36,1.47,2.02,2.58,1.63
20150909,-1.18,-1.39,-0.85,-1.07,-0.61
20150910,-0.2,-0.12,0.5,1.18,0.3
20150911,0.19,-0.91,0.23,0.85,0.25
20150914,-0.61,-1.24,-0.49,0,-0.3
20150915,0.91,1.29,1.01,0.62,0.88
20150916,1.15,2.33,0.63,-0.05,0.57
20150917,0.12,-0.03,0.37,2.12,-0.2
20150918,-1.16,-0.99,0.73,0.52,-0.16
20150921,0,-0.49,-0.63,-2.26,0.06
20150922,-1.29,-1.62,-1.44,-2.06,-1.22
20150923,-0.52,-1.73,-0.51,-0.37,-0.27
20150924,-0.31,0.19,-0.24,-0.83,-0.04
20150925,-0.95,-1.22,-1.27,-4.87,-0.44
20150928,-2.69,-2.8,-2.45,-6.26,-1.86
20150929,-0.47,-0.28,-0.77,-3.08,-0.18
20150930,1.22,1.25,1.66,2.15,1.06
20151001,-0.35,-0.26,-0.86,-0.56,-0.19
20151002,1.11,2.9,1.85,3.07,0.6
20151005,2.43,3.75,2.3,1.57,2.25
20151006,-0.42,2.03,0.15,-1.71,-0.1
20151007,1.12,1.35,1.39,1.56,1.16
20151008,1.6,2.46,0.67,0.11,1.16
20151009,0.25,0,0.63,1,-0.01
20151012,-0.33,-1.56,-0.4,-0.89,0.18
20151013,-0.9,-0.94,-0.92,-1.99,-0.81
20151014,-1.23,-0.24,-0.32,-0.11,-1.06
20151015,1.29,1.5,1.88,4.22,1.77
20151016,0.39,-0.52,-0.21,0.05,-0.28
20151019,0.28,-1.19,0.01,0.15,-0.04
20151020,0.13,0.75,-0.12,-2.23,0.79
20151021,-1.34,-1.53,-1.44,-1.57,-1.17
20151022,0.83,1.23,1.37,-1.63,0.85
20151023,0.05,0.02,0.84,1.7,1.03
20151026,-0.48,-1.58,-0.88,-0.36,-0.46
20151027,-1.45,-2.26,-1.48,0.21,-1.52
20151028,2.48,2.6,2.39,2.96,2.19
20151029,-0.7,-0.69,-1.06,-1.03,-0.41
20151030,-0.26,0.19,0.27,-0.71,-0.72
20151102,1.52,1.99,2.01,3.89,1.48
20151103,0.75,1.18,0.79,0.95,0.24
20151104,-0.37,-0.43,-0.07,0.83,-0.06
20151105,0.17,-0.61,-0.24,-1.42,0.3
20151106,0.05,-0.3,1.1,0.69,1.06
20151109,-1.69,-1.37,-1.07,-0.05,-0.68
20151110,0.01,-0.47,-0.76,-0.37,-0.05
20151111,-1.22,-1.49,-0.77,-1.36,-0.47
20151112,-1.62,-2.36,-1.25,-2.15,-1.47
20151113,-1.77,-0.16,-1.21,0.36,-0.61
20151116,0.59,1.53,0.55,-0.4,0.52
20151117,-0.65,-1.37,-0.23,-0.27,-0.24
20151118,1.35,1.38,1.12,1.27,0.83
20151119,-0.36,-0.74,0.16,-0.23,-0.02
20151120,0.97,-0.31,0.35,1.19,0.36
20151123,0.75,0.24,0,1.68,0.23
20151124,0.8,1.72,0.62,0.82,0.45
20151125,1.12,0.2,0.94,1.73,0.37
20151127,0.17,-0.27,0.59,1.34,0.28
20151130,-0.71,0.33,0.15,-0.28,0.22
20151201,0.43,0.35,0.68,0.15,0.71
20151202,-0.56,-1.61,-0.57,-1.03,-0.99
20151203,-1.38,-0.63,-1.21,-2.43,-1.18
20151204,0.94,-0.8,0.91,0.56,0.69
20151207,-0.99,-2.94,-1.61,-2.95,-1.38
20151208,-0.39,-0.72,-0.3,0.76,-0.83
20151209,-0.36,0.3,-1.05,-1.95,-0.8
20151210,0.2,0.56,0.59,0.89,0.42
20151211,-1.89,-2.58,-2.25,-2.8,-1.98
20151214,-0.85,-1.5,-0.81,-1.59,-0.71
20151215,0.62,1.12,1.14,1.25,1.27
20151216,1.47,0.71,1.31,2.23,1.25
20151217,-1.37,-1.37,-0.38,-0.06,-1.05
20151218,-0.75,-0.8,-0.8,0.24,-0.92
20151221,0.6,0.18,0.62,1.07,0.37
20151222,1.09,1.33,0.72,-0.01,0.72
20151223,1.23,3.75,1.1,1.71,1.12
20151224,-0.15,-0.1,0.38,0.02,0.39
20151228,-0.85,-1.82,-0.54,-1.03,-0.67
20151229,0.89,0.84,0.68,0.89,0.92
20151230,-0.68,-1.01,-0.71,-0.64,-0.6
20151231,-0.63,0.71,-0.92,-0.66,-0.56
20160104,-1.24,-0.52,-1.68,-2.21,-1.72
20160105,0.02,-0.38,-0.46,0.11,0.05
20160106,-1.41,-2.58,-1.16,-2.91,-0.91
20160107,-2.1,-3.29,-2.84,-4.37,-2.35
20160108,-1.78,-1.4,-1.3,-1.7,-1.11
20160111,-0.23,-2.07,-0.46,-3.73,-0.52
20160112,0.31,-1.23,0.22,0.04,-0.21
20160113,-2.76,-2.88,-2.84,-5.2,-2.82
20160114,0.78,1.98,1.69,2.52,0.9
20160115,-1.72,-2.64,-2.26,-2.31,-1.65
20160119,-1.28,-2.6,-1.15,-2.55,-0.96
20160120,0.11,-0.35,-0.48,2.28,-0.37
20160121,1,2.36,0.91,0.41,0.25
20160122,2,3,2.73,2.6,1.78
20160125,-1.86,-3.68,-1.86,-1.1,-2.12
20160126,1.95,3.29,1.32,0.49,1.96
20160127,-1.25,-0.35,-1.17,-2.58,-0.51
20160128,0.31,1.53,-0.29,-2.01,0.5
20160129,2.66,3.9,2.77,2.03,2.32
20160201,0.16,-1.15,-0.12,0.85,-0.27
20160202,-1.71,-2.45,-2.32,-2.61,-2
20160203,-0.04,1.86,0.59,-0.52,0.09
20160204,0.43,1.35,0.76,1.24,0.67
20160205,-2,-1.82,-3.62,-2.93,-1.76
20160208,-1.51,-2,-2.68,-4.6,-1.2
20160209,-0.47,-1.35,-1.48,-0.76,-0.55
20160210,-0.02,-0.56,0.26,0.26,-0.21
20160211,-1.04,-1.7,-0.41,-0.88,-1.44
20160212,2.27,1.91,1.62,2.03,2.32
20160216,2.67,1.24,2.5,3.08,1.98
20160217,1.91,2.84,2.01,3.22,1.26
20160218,-0.25,-0.71,-0.49,-1.6,-0.35
20160219,-0.06,-1.04,0.68,0.56,0.17
20160222,1.38,2.22,1.31,1.45,1.2
20160223,-0.21,-2.12,-0.88,-1.96,-0.95
20160224,0.78,0.98,1.4,0.54,0.43
20160225,0.86,0.4,0.8,-0.04,0.84
20160226,0.53,1.55,1.1,1.29,0.8
20160229,0.25,1,0.37,-1.32,-0.5
20160301,1.41,1.7,1.97,1.9,2.07
20160302,1.01,2.62,1.21,2.46,0.93
20160303,1.28,2.64,0.53,0.34,1.16
20160304,0.92,2.45,0.25,0.84,0.55
20160307,1.36,4.09,1.05,3.46,1.32
20160308,-1.42,-3.26,-2.03,-3.36,-1.82
20160309,0.75,1.45,0.84,-0.04,0.56
20160310,-0.56,-0.84,-1.05,-1.44,-0.3
20160311,1.57,2.17,1.72,2.36,1.81
20160314,-0.12,-0.81,0.14,1.22,-0.2
20160315,-1.36,-1.28,-1.54,-2.99,-1.13
20160316,0.74,1.88,1,-0.79,0.45
20160317,1.3,2.28,1.13,0.09,1.35
20160318,0.29,0.09,0.82,1.81,1.01
20160321,-0.23,0.26,-0.16,1.55,0
20160322,-0.51,-0.69,-0.07,1.26,-0.37
20160323,-1.75,-2.64,-1.82,-3,-1.29
20160324,0.45,0.68,0.43,0.22,0.04
20160328,0.21,-0.46,-0.07,-0.88,0.12
20160329,1.84,1.4,2.07,2.28,1.25
20160330,0.42,0.24,0.4,0.3,0.37
20160331,-0.21,-0.09,-0.04,1.2,-0.15
20160401,0.43,-0.3,0.3,1.76,0.15
20160404,-0.86,-1.42,-0.28,1.11,-0.52
20160405,-1.03,-0.82,-0.98,-1.01,-0.82
20160406,0.95,1.31,0.92,3.19,0.43
20160407,-1.59,-0.69,-1.28,-0.39,-1.36
20160408,0.11,1.66,0.22,-0.92,0.56
20160411,0.14,0.6,-0.23,-0.89,0.16
20160412,0.94,2.77,0.33,0.64,1.19
20160413,1.79,1.12,2.14,2.37,1.99
20160414,-0.22,-0.21,-0.13,1.22,0.14
20160415,0.32,-0.11,-0.14,0.12,0
20160418,0.36,0.73,0.85,0.98,0.57
20160419,0.17,1.42,-0.27,-0.78,0.68
20160420,0.14,0.24,0.42,0.24,0.48
20160421,-0.85,-0.49,0.04,1.1,-0.34
20160422,0.64,1.37,0.76,0.91,0.6
20160425,-0.34,-1,-0.53,-0.26,-0.59
20160426,1.27,1.32,0.7,-0.7,0.99
20160427,0.14,1.58,0.43,-0.65,0.74
20160428,-0.99,-0.95,-0.91,-0.6,-0.76
20160429,-0.61,-0.03,-0.77,-1.88,-0.33
20160502,0.72,-0.08,0.67,-0.06,0.32
20160503,-1.46,-2.23,-0.94,-1.42,-1.26
20160504,-0.55,-0.46,-0.65,-2.13,-0.63
20160505,-0.39,-0.16,-0.54,-1.08,-0.41
20160506,0.47,0.39,0.13,-1.45,0.52
20160509,0.21,-1.47,-0.01,1.75,-0.09
20160510,0.59,1.43,1.08,0.08,0.9
20160511,-1.98,-0.23,-0.46,-1.72,-0.74
20160512,-0.42,-0.72,-1.06,-2.78,-0.63
20160513,-1.17,-1.13,-0.12,0.74,-0.57
20160516,0.63,0.91,0.8,2.13,0.75
20160517,-1.53,-0.78,-1.47,-0.58,-1
20160518,-0.48,-1.04,0.62,1.07,0.88
20160519,-0.12,-0.81,-0.82,-1.11,-0.81
20160520,0.99,1.08,1.49,2.48,1.11
20160523,-0.19,0.08,0.75,1.17,0.04
20160524,1.37,1.5,1.78,1.86,1.63
20160525,0.63,1.65,0.49,1.07,0.69
20160526,0.12,-0.11,-0.08,-0.41,-0.34
20160527,0.69,0.27,0.69,1,1.07
20160531,0,0.33,0.57,1.49,0.12
20160601,0.47,1.06,0.9,0.97,0.36
20160602,0.61,0.21,0.55,1.44,0.19
20160603,-0.39,-0.28,-0.27,-1.1,-0.37
20160606,1.03,2.37,1.8,1.35,1.15
20160607,0.81,0.98,0.6,-0.65,0.16
20160608,0.77,1.03,0.61,0.89,0.64
20160609,-0.71,-0.44,-0.51,-1.44,-0.8
20160610,-1.42,-1.77,-1.49,-1.99,-1.02
20160613,-1.19,-1.05,-0.75,-1.09,-1.16
20160614,-0.32,-0.34,0.31,-1.16,-0.69
20160615,0.5,0,0.43,0.48,0.27
20160616,-0.03,-0.52,0.1,-0.21,-0.32
20160617,0.53,1.12,-0.45,-1.62,0.1
20160620,0.93,1.11,1.32,1.52,1.03
20160621,-0.37,-0.09,-0.25,-1,-0.13
20160622,-0.28,-0.56,-0.54,-0.34,-0.23
20160623,1.34,1.78,1.55,2,1.85
20160624,-2.7,-3.76,-3.7,-3.17,-3.59
20160627,-2.62,-3.55,-3.54,-3.41,-3.02
20160628,1.19,2.23,2.14,3.39,1.44
20160629,1.86,1.51,1.86,1.44,1.9
20160630,1.3,1.55,1.42,-0.02,1.39
20160701,0.81,1.13,0.46,2.01,0.41
20160705,-1.44,-2.18,-1.29,-1.14,-1.34
20160706,0.9,0.57,0.48,0.99,0.53
20160707,0.26,-0.37,0.81,0.56,0.29
20160708,2.28,2.24,2.35,1.49,2.01
20160711,0.75,0.76,0.75,0.51,0.91
20160712,0.86,2.27,1.28,0.88,1.35
20160713,-0.07,-0.51,-0.07,-1.56,0.09
20160714,0.19,0.38,0.07,-0.33,0.37
20160715,-0.02,0.22,0.2,0.57,0.32
20160718,0.43,0.21,0.36,-0.01,0.03
20160719,-0.37,-0.81,-0.29,-1.56,-0.37
20160720,0.73,0.54,1.01,2.03,0.26
20160721,-0.22,-0.65,-0.79,0.04,-0.15
20160722,0.55,0.31,0.88,0.15,0.76
20160725,0.24,-1,-0.02,-0.64,-0.41
20160726,0.07,1.26,0.68,0.31,0.48
20160727,-0.44,-0.3,0.15,1.75,0.08
20160728,-0.1,-0.38,-0.14,0.03,0.03
20160729,0.4,0.58,0.05,0.22,-0.28
20160801,-0.21,-1.36,0.25,0.31,-0.2
20160802,-1.68,-0.7,-1.22,-1.29,-0.71
20160803,0.8,1.69,0.61,1.61,0.7
20160804,-0.01,0.81,0.35,0.16,-0.1
20160805,1.32,0.98,0.82,1.22,1.42
20160808,0.43,0.99,0.07,-0.37,0.22
20160809,-0.45,-0.55,0.17,0.35,0
20160810,-0.11,-0.73,-0.6,-2.05,-0.57
20160811,0.92,1.03,0.47,0.73,0.37
20160812,0.07,-0.3,0.17,0.69,-0.17
20160815,0.96,1.29,0.88,1.08,0.72
20160816,-0.42,-0.47,-0.84,0.2,-0.42
20160817,-0.46,0.03,-0.36,-0.19,-0.02
20160818,0.82,1.43,0.45,0.35,0.56
20160819,0.12,-0.24,0.25,-0.2,-0.05
20160822,0.03,-0.35,0.08,1.47,0.12
20160823,0.64,0.75,0.72,0.3,0.48
20160824,-0.59,-0.95,-0.45,-2.2,-0.31
20160825,0,0.21,0.27,-0.7,0.17
20160826,-0.37,-0.37,0.1,0.13,-0.05
20160829,0.67,0.91,0.56,0.55,0.52
20160830,-0.44,-0.24,0,0.41,0.3
20160831,-0.26,-0.86,-0.27,-1.1,-0.07
20160901,-0.26,-0.17,0.4,0.06,-0.03
20160902,0.92,1.17,0.77,0.27,0.74
20160906,0.1,0.44,0.2,1.57,-0.09
20160907,0.34,0.24,-0.01,0.73,0.45
20160908,-0.45,0.81,-0.13,1.31,0.23
20160909,-2.44,-3.5,-2.58,-2.74,-1.87
20160912,1.08,0.86,1.09,1.98,0.86
20160913,-1.44,-2.41,-1.46,-1.61,-1.39
20160914,-0.19,-0.59,0.07,0.95,-0.25
20160915,0.98,1.15,1.17,1.07,0.83
20160916,-0.34,-0.06,0,0.61,-0.13
20160919,0.38,0.5,0.2,0.53,0.35
20160920,-0.69,-0.58,-0.36,2.32,-0.23
20160921,0.99,1.89,1.14,0.68,0.83
20160922,1.1,1.12,1.28,1.03,0.89
20160923,-0.13,-0.95,-0.26,-0.08,-0.35
20160926,-1.31,-0.36,-0.92,-0.98,-1.11
20160927,0.27,-0.27,1.02,0.82,0.35
20160928,-0.07,2.22,0.57,-0.1,0.63
20160929,-0.78,-0.37,-0.84,-2.3,-0.89
20160930,1.21,1,0.94,1.38,1.17
20161003,-0.17,-0.33,0,-0.17,0.11
20161004,-0.54,-1.18,-0.42,-0.75,-0.43
20161005,0.5,1.25,0.58,1.26,0.78
20161006,-0.15,0.16,-0.34,-1.52,-0.15
20161007,-0.52,-1.11,-0.65,-0.54,-0.36
20161010,0.49,1.14,0.56,1.16,0.68
20161011,-1.18,-1.47,-1.92,-2.29,-1.08
20161012,0.48,0.09,-0.26,-1.79,0.17
20161013,-0.99,-0.77,-1.1,-0.83,-1.08
20161014,0.09,-0.22,-0.08,-1.69,0.29
20161017,-0.46,-0.18,-0.48,-1.05,0.02
20161018,0.25,0.42,0.45,0.83,0.37
20161019,0.64,1.01,0.35,-0.56,0.51
20161020,-0.54,-0.13,-0.27,1.12,-0.29
20161021,-0.03,-0.16,0.26,-0.48,-0.12
20161024,0.38,-0.21,0.91,-0.54,0.4
20161025,-1.13,-0.94,-0.93,-1.49,-0.54
20161026,-0.57,-0.66,-0.45,-1.47,-0.42
20161027,-1.1,-0.54,-1.2,-1.73,-0.33
20161028,0.14,-0.52,-0.37,-1.52,-0.36
20161031,0.08,-0.29,-0.07,-0.95,0.24
20161101,-1.06,-1.16,-1.1,-0.27,-0.84
20161102,-0.32,-1.34,-1.38,-2.46,-0.75
20161103,-1.23,-0.29,-0.67,-3.36,-0.16
20161104,0.05,0.1,-0.22,1.8,0.16
20161107,1.89,1.88,2.07,2.45,1.86
20161108,0.17,0.62,0.31,0.21,0.1
20161109,2.22,2.72,1.22,4.91,2.68
20161110,1.39,1.18,0.2,2.51,2.24
20161111,1.84,1.06,2.41,2.32,1.96
20161114,1.26,1.12,0.12,1.2,1.21
20161115,0.05,1.26,0.47,0.11,0.45
20161116,0.83,-0.02,0.79,-0.58,0.52
20161117,0.34,0.21,0.93,0.7,0.65
20161118,-0.13,0.41,0.25,0.19,0.57
20161121,0.62,1.53,0.35,0.61,0.42
20161122,1.16,0.95,0.53,-0.99,0.79
20161123,0.32,0.64,0.29,0.76,0.61
20161125,0.52,0.19,0.44,1.1,0.47
20161128,-0.79,-1.06,-0.78,-1.72,-0.87
20161129,-0.25,-0.77,-0.16,-0.79,0.07
20161130,-0.61,2.29,-0.94,-2.24,0.05
20161201,-0.01,0.13,-1.95,-1.91,0.34
20161202,0.3,-0.2,0.15,0.64,-0.1
20161205,1.4,1.5,1.34,1.44,1.45
20161206,0.62,0.53,0.85,1.23,1.19
20161207,1.25,0.63,1.12,-1.01,1.21
20161208,1.24,1.04,1.61,1.54,1.23
20161209,0.5,0.36,0,0.81,0.51
20161212,-1.05,-0.42,-1.11,-1.4,-1.02
20161213,0.03,0.02,0.51,-0.45,0.03
20161214,-1.21,-1.76,-1,-1.13,-0.85
20161215,0.4,0.6,0.33,0.55,0.77
20161216,0.02,-0.02,-0.2,0.38,-0.05
20161219,0.17,0.58,0.62,-0.08,0.34
20161220,0.84,0.51,0.29,0.38,1.02
20161221,-0.34,-0.22,-0.41,-1.02,-0.21
20161222,-1.57,-0.4,-0.57,-0.93,-0.39
20161223,0.37,0.21,0.69,2.32,0.4
20161227,0.55,0.42,0.49,-0.18,0.38
20161228,-0.87,-1.27,-1.05,-1.78,-0.73
20161229,-0.04,-0.03,0,-0.59,-0.09
20161230,-0.48,-0.36,-0.49,-0.41,0.04
20170103,0.68,1.01,0.97,1.6,0.66
20170104,1.55,1.54,1.52,2.92,1.05
20170105,-1.26,-0.6,-0.25,0.2,-0.76
20170106,-0.86,-0.23,-0.2,0.67,-0.19
20170109,-0.76,-1.4,-0.1,0.83,-0.78
20170110,0.74,0.55,0.64,2.13,1.28
20170111,-0.01,0.79,0.59,-0.83,0.48
20170112,-0.93,-0.77,-0.38,0.32,-0.97
20170113,0.39,0.49,1.02,0.94,0.68
20170117,-0.37,-0.13,-1.25,-1.64,-1.43
20170118,0,0.19,0.34,-0.15,0.44
20170119,-1.05,-0.64,-0.37,-1.6,-0.51
20170120,0.33,0.62,0.47,-0.19,0.6
20170123,-0.56,-0.54,-0.53,-0.93,-0.37
20170124,1.1,1.91,1.13,0.78,1.5
20170125,0.66,1.21,1.07,1.14,0.99
20170126,-0.95,-0.24,-0.54,-0.57,-0.02
20170127,-0.67,-0.21,0.15,0.57,-0.32
20170130,-0.6,-1.56,-1.03,-1.92,-1.16
20170131,0.27,0.12,0.35,1.74,0.1
20170201,-0.43,-0.11,-0.14,0.34,0.01
20170202,0.16,0,-0.05,0.2,-0.14
20170203,0.47,1.09,0.98,1.37,1.43
20170206,-0.66,-0.78,-0.43,-0.11,-0.5
20170207,-0.38,-0.56,-0.08,0.22,-0.43
20170208,0.34,-0.29,-0.3,-0.25,-0.53
20170209,1.32,0.95,1.06,1.76,1.04
20170210,0.99,0.92,0.65,0.23,0.72
20170213,-0.4,0.16,0.25,0.44,0.63
20170214,0.11,0.02,0.51,1.06,0.44
20170215,0.35,0.1,0.23,1.09,0.59
20170216,-0.56,-0.4,-0.14,-0.71,-0.31
20170217,0.42,-0.13,0.81,0.72,0.03
20170221,0.71,0.86,0.59,-0.11,0.24
20170222,-0.48,-0.82,-0.33,-1.26,-0.18
20170223,-1.02,-0.76,-0.52,-0.76,-0.36
20170224,0.31,-0.33,0.08,0.41,-0.16
20170227,0.46,0.91,0.58,3.18,0.57
20170228,-1.58,-1.15,-1.75,-1.4,-1.26
20170301,1.2,1.8,1.08,1.6,1.66
20170302,-0.51,-1.3,-0.87,-0.27,-1.1
20170303,-0.57,-0.26,-0.2,0.3,-0.03
20170306,-1.05,-0.77,-0.8,-0.66,-0.76
20170307,-0.65,-0.77,-0.09,-1.15,-0.36
20170308,0.1,-1.52,-0.15,0.66,-0.44
20170309,-0.88,-0.47,-0.06,0.9,-0.42
20170310,0.42,0.14,0.27,0.52,0.02
20170313,-0.05,0.68,0.86,1.04,0.29
20170314,-0.08,-0.84,-0.62,-1.85,-0.36
20170315,1.08,1.86,1.19,1.17,0.65
20170316,0.54,-0.12,0.68,0.09,0.57
20170317,0.43,0.53,0.38,0.08,0.25
20170320,-0.88,-0.22,-0.13,-0.22,-0.69
20170321,-1.8,-1.92,-2.08,-3.06,-2.48
20170322,-0.28,-0.42,-0.35,-0.03,-0.58
20170323,0.65,0.55,0.36,0.39,0.73
20170324,-0.12,-0.39,0.31,0.95,0.12
20170327,0.38,0.01,0.5,1.71,0.12
20170328,0.79,1.21,0.31,0.21,0.85
20170329,1.09,1,0.78,0.72,0.34
20170330,0.25,0.42,0.4,-0.08,1.05
20170331,0.36,0.59,0.2,-0.02,0.2
20170403,-1.09,-1.24,-1.08,-1.3,-1.05
20170404,-0.59,0.19,-0.56,-1.38,-0.13
20170405,-0.54,-0.86,-0.65,-2.08,-1
20170406,1.19,1.09,0.91,0.36,0.85
20170407,-0.1,0.01,-0.06,-0.17,-0.01
20170410,0.51,0.57,0.33,-0.2,-0.02
20170411,0.65,0.54,0.25,-0.36,0.61
20170412,-1,-1.44,-0.73,-0.32,-1
20170413,-1.01,-1.4,-0.63,0.08,-1.07
20170417,0.73,0.53,0.95,0.95,0.98
20170418,-0.2,-0.42,-0.04,-1.11,-0.05
20170419,0.61,-0.57,0.68,0.34,0.34
20170420,1.43,1.03,1.04,0.61,1.05
20170421,-0.23,-0.12,-0.28,-1.07,-0.06
20170424,0.97,1.08,1.19,0.91,1.17
20170425,0.54,1.34,0.83,1.27,0.53
20170426,0.82,0.61,0.5,1.09,0.71
20170427,-0.19,-0.69,0.37,-0.2,-0.48
20170428,-0.78,-0.88,-0.58,-0.59,-0.78
20170501,-0.24,-0.28,0.56,0.3,0.21
20170502,0.21,-0.58,-0.03,-0.99,-0.34
20170503,-0.61,-0.69,-0.64,-1.01,-0.07
20170504,-0.4,-1.09,-0.15,-0.44,0.05
20170505,1.07,1.69,1.13,-0.46,-0.08
20170508,0.24,0.03,0.14,-1.07,-0.15
20170509,0.18,-0.3,0.24,0.53,-0.05
20170510,0.24,1.01,0.33,0.9,0.08
20170511,-0.79,-0.23,-0.62,-0.16,-0.58
20170512,-1.11,-0.7,-0.33,0.18,-0.57
20170515,0.05,0.93,0.95,0.67,0.69
20170516,-0.47,-0.3,0.1,-0.71,-0.06
20170517,-1.99,-2.13,-2.85,-2.36,-2.35
20170518,-0.24,-0.18,0.39,0.78,0.38
20170519,0.87,1.39,0.8,0.54,0.37
20170522,0.62,0.47,1.12,0.16,0.36
20170523,-0.37,0.21,0,-0.11,0.4
20170524,0.22,-0.09,0.26,0.07,-0.27
20170525,0.29,-0.7,0.26,-0.08,0.11
20170526,0.19,0.16,0.09,-0.48,0
20170530,-0.37,-0.91,-0.09,-1.46,-0.66
20170531,0.28,-0.17,-0.04,-0.06,-0.09
20170601,1.47,1.15,1.34,2.16,1.32
20170602,0.05,0.3,0.85,1.38,0.57
20170605,-0.25,-0.44,-0.51,-1.05,-0.6
20170606,-0.82,0.42,0.01,-0.36,-0.4
20170607,0.05,-1.09,0.11,-0.23,0.6
20170608,0.51,0.85,1.15,1.02,1.3
20170609,0.94,1.21,-1.45,-0.19,1.16
20170612,-0.03,-0.06,-0.31,-0.27,-0.06
20170613,0.25,0.97,0.6,0.55,0.59
20170614,-0.29,-1.49,-0.73,0.07,-0.28
20170615,-0.62,-0.92,-0.45,-0.68,-0.17
20170616,-0.87,0.14,-0.19,-0.19,-0.24
20170619,0.46,0.35,0.96,2.48,0.3
20170620,-1.4,-1.17,-0.92,0.45,-0.87
20170621,-0.69,-1.75,0.13,2.07,-0.59
20170622,0.6,0.37,0.79,1.5,0.12
20170623,0.68,0.87,1.17,0.65,0.55
20170626,0.81,0.42,-0.06,0.75,0.49
20170627,-0.58,-0.48,-1.07,-1.51,-0.08
20170628,0.83,1.12,1.37,1.65,1.28
20170629,-0.23,-0.16,-1.18,-0.59,0.18
20170630,0.29,0.28,-0.13,-0.39,-0.01
20170703,0.6,1.12,0.01,0.71,0.89
20170705,-1.14,-1.36,-0.07,0.76,-0.53
20170706,-1.42,-1.2,-1,-1.13,-0.88
20170707,0.69,0.47,1.32,0.41,0.77
20170710,-1.15,0.8,0.18,-1.08,-0.3
20170711,-0.15,0.21,0.35,0.11,-0.24
20170712,0.42,0.61,1.08,0.6,0.72
20170713,0.85,0.31,-0.1,0.13,0.05
20170714,0.01,0.47,0.4,0.55,0.06
20170717,0.46,0.41,0.16,0.01,0.01
20170718,-0.53,-0.63,-0.06,-0.58,-0.15
20170719,0.79,1.65,0.87,0.25,0.4
20170720,0.02,-0.35,0.05,0.43,-0.01
20170721,-0.49,-0.75,-0.37,0.04,-0.16
20170724,-0.79,-0.5,0.28,0.54,0.02
20170725,1.21,0.99,0.35,-0.8,0.72
20170726,-0.1,-0.31,0.04,-0.24,-0.32
20170727,0.23,-0.2,-0.78,-2.13,-0.61
20170728,-0.6,-0.14,-0.42,0.13,-0.12
20170731,-0.47,-0.28,-0.46,-0.98,0.09
20170801,0.1,-0.32,0.17,-1.19,0.21
20170802,-0.81,-0.88,-1.51,-1.12,-0.76
20170803,-0.61,-0.86,-0.28,-0.21,-0.35
20170804,0.45,0.64,-0.29,0.99,0.55
20170807,0.24,-0.58,0.23,0.26,-0.33
20170808,-0.45,-0.33,-0.49,-0.89,-0.09
20170809,-0.98,-0.84,-0.51,-1.45,-0.81
20170810,-1.46,-1.53,-2.04,-2.4,-1.37
20170811,0.18,-0.12,0.42,0.85,-0.49
20170814,0.88,0.73,1.74,1.54,1.66
20170815,-1.49,-0.84,-0.93,-0.77,-0.68
20170816,0.31,-0.4,0.49,0.3,-0.06
20170817,-1.41,-1.48,-1.58,-0.9,-1.39
20170818,-0.1,0.35,0.3,-0.03,0.13
20170821,-0.29,-0.42,-0.31,-0.34,-0.08
20170822,0.86,0.81,0.88,0.94,0.68
20170823,-0.22,0.1,0.07,0.03,-0.17
20170824,0.15,0.09,0.52,1.6,0.31
20170825,0.84,0.68,0.34,0.23,0.58
20170828,-0.07,-0.41,0.36,1.39,-0.21
20170829,-0.27,0.3,0.46,0.99,0.14
20170830,0.35,0.53,0.92,0.46,0.42
20170831,0.35,0.73,0.53,1.29,0.42
20170901,1.02,0.87,0.51,0.96,0.65
20170905,-0.56,-0.48,-0.48,0.16,-1.27
20170906,0.5,0.67,0.01,0.31,0.33
20170907,0.08,0.09,0.1,1,-0.69
20170908,-0.08,-0.55,-0.52,0.53,0.37
20170911,0.85,0.99,1.22,0.72,1.17
20170912,0.92,0.93,0.6,0.31,0.85
20170913,0.85,0.85,0.24,0.12,0.43
20170914,-0.48,0.39,-0.06,0.11,-0.21
20170915,0.8,0.32,0.43,0.44,0.12
20170918,-0.21,0.79,0.68,0.81,0.66
20170919,-0.35,0.34,0.11,-0.69,0.22
20170920,0.24,0.68,-0.25,0.72,0.58
20170921,-0.41,-0.05,-0.31,-0.04,0.3
20170922,0.61,0.56,0.98,0.44,0.55
20170925,0.51,0.49,-0.86,0.04,0.03
20170926,0.85,0.6,0.53,-0.64,0.75
20170927,1.1,1.06,1.8,1.75,1.45
20170928,0.07,0.12,0.17,0.59,0.35
20170929,-0.04,-0.2,0.39,0.81,0.11
20171002,0.7,0.98,1,2.46,0.83
20171003,-0.05,0.16,0.49,0.51,0.19
20171004,0.08,-0.42,0.75,0.57,-0.49
20171005,0.27,0.5,0.34,0.74,0.52
20171006,-0.08,-0.48,0.25,0.13,0.05
20171009,-1.07,-0.21,-0.2,-0.93,-0.18
20171010,0.42,0.19,-0.06,0.57,0.43
20171011,-0.51,0.02,0.28,0.44,-0.01
20171012,-0.6,-0.19,-0.38,-0.53,-0.52
20171013,0.07,0.07,-0.02,-1.3,-0.05
20171016,-0.25,0.01,-0.48,-0.7,0.02
20171017,0.16,-0.42,-0.48,-0.03,-0.47
20171018,0.3,0.08,0.26,-0.03,0.4
20171019,-0.32,-0.31,-0.47,-0.29,0.07
20171020,0.73,0.62,0.57,0.23,0.49
20171023,-0.44,-0.87,-0.62,-1.13,-0.65
20171024,0.25,0.48,0.09,-0.82,0.22
20171025,-0.48,-0.53,-0.73,-0.85,-0.31
20171026,0.45,0.28,0.25,-1.3,0.55
20171027,-0.35,0.62,0.59,0.96,0.47
20171030,-1.31,-0.82,-0.68,-0.58,-1.17
20171031,0.33,1.13,1.03,0.25,0.58
20171101,-0.36,0.1,-0.92,-1.27,-0.38
20171102,-0.14,0.25,-0.3,0.4,0.53
20171103,-0.34,0.08,-0.06,1.23,-0.34
20171106,-0.21,1.22,0.37,-0.17,0.28
20171107,-1.13,-0.66,-0.97,-1.74,-1.04
20171108,0.18,-0.38,0.55,-0.34,-0.22
20171109,0.49,0.02,-0.9,0.65,-0.07
20171110,0.64,-0.04,0.24,0.37,0.08
20171113,-0.03,-0.24,-0.17,-0.44,0.15
20171114,0.18,-1.01,-0.16,-1.21,-0.1
20171115,-0.35,-0.96,-0.51,0.47,-0.21
20171116,2.02,1.18,2.12,2.02,1.54
20171117,1.43,0.74,0.58,0.57,0.23
20171120,0.63,0.29,0.91,-0.03,0.78
20171121,-0.02,0.43,0.97,0.76,0.53
20171122,0.09,0.39,0.18,0.88,-0.15
20171124,0.1,0.24,0.82,0.95,0.25
20171127,-0.05,-0.65,-0.04,-0.9,-0.12
20171128,1.96,1.23,0.68,0.06,1.37
20171129,1.19,0.18,-1.43,-0.11,1.22
20171130,0.18,0.66,0.3,0.92,-0.28
20171201,-0.44,0.08,-0.58,0.12,-0.16
20171204,1.19,-0.18,-1.27,-1.68,0.34
20171205,-0.61,-0.7,-0.3,-0.47,-0.86
20171206,-0.54,-1.16,-0.43,-1.1,-0.59
20171207,0.29,0.54,0.93,1.54,0.47
20171208,0.37,0.14,0.11,1.13,0
20171211,0.07,0.24,0.43,-0.53,-0.24
20171212,-0.44,-0.42,-0.17,-0.46,0.16
20171213,0.61,0.14,0.65,1.13,0.01
20171214,-1.04,-0.89,-0.08,-1.04,-0.74
20171215,1.17,0.78,1.07,0.68,1.5
20171218,1.34,1.43,1.6,0.36,0.95
20171219,-0.04,-0.24,-0.25,-0.57,-0.72
20171220,0.5,0.83,0.66,0.45,0.09
20171221,0.74,0.97,0.36,0.6,0.61
20171222,-0.12,-0.12,-0.4,0.65,-0.38
20171226,0.53,0.78,-0.16,0.5,-0.08
20171227,-0.35,-0.03,0.38,0.5,-0.01
20171228,0.15,0.56,0.09,0.45,0.24
20171229,-0.39,-0.4,-0.69,-0.9,-0.52
20180102,1.12,1.25,1.37,2.85,0.41
20180103,0.13,0.72,0.84,0.93,0.33
20180104,0.11,0.66,0.65,0.62,1.06
20180105,0.27,0.29,0.8,0.48,0.35
20180108,0.14,0.37,0.36,-0.94,0.03
20180109,-0.53,-0.54,-0.53,0.73,-0.03
20180110,-0.03,-0.32,0.2,0.39,0.47
20180111,1.7,1.93,1.6,1.36,1.6
20180112,0.56,0.3,0.52,-0.12,0.48
20180116,-0.94,-1.31,-1.06,-1.73,-0.89
20180117,0.41,0.67,0.57,0.56,0.57
20180118,-0.23,-0.94,-0.21,-0.04,-0.4
20180119,1.73,0.76,0.69,1.09,0.97
20180122,0.26,0.38,0.04,1.83,0.17
20180123,-0.01,0.29,0.14,0.64,0.26
20180124,-0.37,-0.34,-0.7,-0.49,-0.34
20180125,-0.12,-0.1,0.04,0.82,-0.17
20180126,0.51,0.05,0.91,0.71,0.25
20180129,-0.83,-1.22,-0.83,0.01,-0.77
20180130,-1.18,-1.29,-0.96,-1.6,-0.72
20180131,-0.83,-0.64,-0.3,-1.18,-0.34
20180201,-0.22,-0.11,0.05,-0.22,0.47
20180202,-2.27,-2.78,-1.98,-2.14,-1.66
20180205,-3.21,-3.28,-3.34,-3.19,-3.08
20180206,1.23,0.68,1.03,1.26,0.65
20180207,0.52,-0.78,0.03,0.78,0.2
20180208,-2.26,-2.74,-2.53,-3.06,-2.48
20180209,0.79,0.54,0.5,-0.1,0.67
20180212,0.63,1.23,1.32,1.4,0.63
20180213,0.31,-0.08,0.68,0.54,0.49
20180214,1.41,1.74,1.79,1.32,1.4
20180215,0.94,0.78,1.36,0.67,0.47
20180216,0.04,0.21,-0.01,-0.04,0.47
20180220,-1.26,-0.79,-0.1,-0.87,-0.96
20180221,0.14,-0.36,0,0.35,0.34
20180222,-0.36,0.72,-0.42,-0.28,-0.57
20180223,1.09,1.45,1.39,1.12,0.85
20180226,0.45,0.4,0.96,0.97,0.65
20180227,-1.36,-1.71,-1.13,-0.95,-1.13
20180228,-1.16,-2.11,-0.87,-0.9,-1.23
20180301,-0.52,0.02,-0.66,-0.5,-0.1
20180302,1.38,1.1,1.83,2.56,1.2
20180305,0.73,1.15,1.04,1.39,0.8
20180306,0.78,0.35,0.57,0.62,0.77
20180307,-0.18,0.02,0.79,1.46,0.47
20180308,-0.5,0.12,0.52,1.32,0
20180309,1.2,1.72,1.2,1.05,1.43
20180312,0.3,0.38,0.83,0.27,0.18
20180313,-0.11,-0.42,-0.96,-0.65,-0.31
20180314,-0.59,-0.57,-0.21,0.31,-0.52
20180315,-0.66,-0.58,-0.55,-0.87,-0.08
20180316,0.99,1.35,0.64,0.73,0.75
20180319,-0.82,-0.93,-1.27,-1.34,-0.64
20180320,-0.36,0.01,0.15,-0.46,-0.37
20180321,0.21,1.45,0.51,0.83,0.48
20180322,-1.7,-2.29,-1.86,-1.51,-1.8
20180323,-1.21,-1.36,-1.92,-1.83,-1.84
20180326,1.54,1.33,1.53,0.66,1.68
20180327,-0.99,-1.37,-2.06,-2.96,-1.36
20180328,0.37,-0.58,-1.44,-1.19,0.19
20180329,0.92,1.42,1.39,0.83,0.7
20180402,-2.41,-2.33,-2.18,-2.18,-1.68
20180403,1.07,1.04,0.56,0.3,0.82
20180404,1.8,0.66,1.21,2.4,1.03
20180405,1.06,1.77,0.75,-0.26,0.79
20180406,-1.33,-1.83,-1.6,-1.98,-1.51
20180409,-0.35,-0.23,0.1,0.45,-0.23
20180410,1.39,2.19,1.83,2.25,1.37
20180411,-0.07,0.46,0.39,0.63,-0.14
20180412,0.3,0.33,0.92,1.28,0.67
20180413,-0.45,0.26,-0.37,-0.39,-0.46
20180416,1.18,0.75,0.72,-0.43,0.81
20180417,0.68,1.01,1.56,1.74,0.28
20180418,0.11,1.14,0.29,-0.11,0.18
20180419,-1.13,-0.57,-0.88,-1.06,0.23
20180420,-0.96,-0.72,-0.63,-0.44,-0.27
20180423,-0.01,-0.27,-0.62,-1.07,0.14
20180424,-0.38,-1.13,-0.85,-1.01,-0.2
20180425,0.23,0.04,-0.4,-0.07,-0.21
20180426,0.64,0.47,0.64,0.85,0.03
20180427,0.18,-0.45,-0.57,0.59,0.1
20180430,-0.9,-0.7,-0.57,-1.15,-0.73
20180501,-0.22,-0.13,0.65,1.11,0.34
20180502,0.11,0.44,0.47,0.75,0.06
20180503,-1,-0.73,-0.17,-1.35,-0.47
20180504,1.45,1.27,1.24,1.31,0.97
20180507,0.18,0.65,0.77,0.92,0.46
20180508,0.26,0.34,0.4,-0.34,0.58
20180509,0.12,0.99,0.79,0.9,0.22
20180510,0.51,0.59,0.79,-0.41,0.23
20180511,0.4,-0.05,-0.18,1,0.02
20180514,0,0.05,-0.35,1.33,-0.42
20180515,0.2,-0.12,-0.3,0.04,0.11
20180516,1.15,0.75,0.51,0.78,0.5
20180517,0.54,1.3,0.39,0.53,0.87
20180518,-0.16,0.02,0.15,0.44,0.01
20180521,0.46,1.37,0.19,-1.04,0.84
20180522,-0.78,-0.96,-0.53,-0.17,-0.36
20180523,0.18,-0.14,0.25,0.42,-0.02
20180524,0.55,-0.34,-0.27,-0.09,0.04
20180525,0.08,-0.9,0.13,0.33,0.06
20180529,-0.22,0.02,-0.05,-0.63,-0.83
20180530,0.92,1.65,0.67,1.17,0.94
20180531,-1.02,-1.07,-0.36,0.79,-0.45
20180601,0.61,0.19,1.1,0.76,0.89
20180604,0.83,-0.42,0.33,-0.9,0.23
20180605,1.19,0.67,0.98,1.21,0.47
20180606,0.38,0.14,0.37,0.69,0.56
20180607,0.36,0.61,-0.55,-0.76,0.15
20180608,0.46,-0.43,0.1,0.67,0.1
20180611,0.8,0.51,0.53,0.22,0.03
20180612,0.35,0.13,0.65,0.4,-0.15
20180613,-0.61,-0.53,0.09,-0.11,-0.25
20180614,0.17,-0.06,0.68,0.5,0.1
20180615,0.64,-0.75,-0.08,0.43,0.09
20180618,0.49,1.1,0.31,-0.38,0.2
20180619,-0.13,-0.33,-0.31,0.08,0
20180620,0.79,0.7,0.72,0.88,0.5
20180621,-0.55,-1.47,-1.33,-1.79,-0.4
20180622,0.25,1.32,-0.38,0.31,0.24
20180625,-1.08,-1.12,-1.78,-2.09,-0.9
20180626,0.72,1.03,0.87,0.56,0.3
20180627,-0.34,1.08,-1.91,-3.12,-1.57
20180628,-0.36,0.01,0.72,-0.21,0.2
20180629,-0.4,0,0.63,0.32,-0.09
20180702,0.14,0.06,0.91,0.69,0.55
20180703,0.21,0.39,-0.09,0.72,0.19
20180705,1.1,0.61,1.29,1.05,0.72
20180706,0.6,0.75,1.12,0.97,0.35
20180709,0.37,0.86,0.43,0.77,1.33
20180710,-0.37,-0.02,-0.15,-0.81,-0.62
20180711,-0.82,-1.38,-0.75,-0.27,-0.47
20180712,0.08,0.14,1.6,0.65,-0.08
20180713,0.39,0.36,-0.47,-0.36,-0.22
20180716,-0.58,-1.13,-0.57,-1.3,-0.17
20180717,0.51,0.48,0.66,0.4,0.22
20180718,0.27,0.36,0.11,-0.37,0.55
20180719,0.5,0.44,-0.06,0.53,-0.02
20180720,-0.47,-0.32,-0.26,-0.17,0.02
20180723,-0.06,-0.8,0.04,0.25,0.26
20180724,-1.16,-0.1,-1.21,-1.84,-0.55
20180725,0.07,0,0.53,0.27,-0.08
20180726,0.36,1.08,0.29,-0.09,0.42
20180727,-1.27,-1.11,-2.21,-2.69,-0.99
20180730,-0.08,0.13,-1.76,-0.91,-0.56
20180731,0.51,1.16,0.39,1.2,0.52
20180801,-0.83,-0.98,0.48,0.43,0.03
20180802,0.78,0.11,1.03,0.22,0.28
20180803,0.4,-0.22,-0.3,-1.21,-0.38
20180806,0.37,0.3,1.22,0.31,0.43
20180807,0.48,-0.06,0.24,0.18,0.32
20180808,0.17,-0.25,0.1,-0.46,0.06
20180809,0.49,-0.15,0.51,0.47,0.35
20180810,-0.31,-0.78,-0.13,-0.36,-0.38
20180813,-0.23,-0.9,-0.62,-0.63,-0.67
20180814,1.33,0.37,0.33,0.22,0.71
20180815,-1.32,-1.9,-1.58,-1.66,-0.97
20180816,0.69,1.23,0.67,0.81,0.81
20180817,0.66,0.38,0.27,0.1,0.18
20180820,0.92,0.58,0.24,-0.16,0.32
20180821,0.62,1.09,0.75,1.31,0.67
20180822,0.12,0.43,0.59,1.44,0.15
20180823,-0.15,-0.58,0.09,-0.36,-0.31
20180824,0.07,0.65,1,0.65,0.4
20180827,-0.22,0.25,0.49,0.73,0.07
20180828,0.03,-0.27,0.32,0.55,-0.08
20180829,0.06,0.62,0.49,1.32,0.28
20180830,-0.49,-0.45,-0.21,0.85,-0.36
20180831,0.76,0.15,0.48,0.97,0.25
20180904,-0.1,-0.61,-0.25,-0.1,-0.08
20180905,-0.24,0,-1.12,-0.74,-0.26
20180906,-0.48,-1.03,-0.6,-1.47,-0.44
20180907,-0.16,-0.25,0.29,-0.24,-0.23
20180910,0.32,0.06,0.29,-0.26,0.03
20180911,-0.23,0.17,-0.01,0.23,0.01
20180912,0.11,0.31,-0.08,-0.34,-0.15
20180913,-0.29,0.05,0.52,-0.18,-0.28
20180914,0.08,0.24,0.18,-0.78,0.25
20180917,-0.21,-0.16,-1.19,-1.25,-0.48
20180918,0.31,0.76,0.56,1.24,0.17
20180919,-0.12,0.09,-0.72,0.58,0.09
20180920,1.03,0.75,1.33,1.79,0.95
20180921,-0.37,0.32,-0.15,-0.57,-0.06
20180924,-1.08,0.66,-0.09,0.95,-0.74
20180925,-0.07,-0.2,0.23,0.53,-0.09
20180926,-0.09,-1.26,-0.89,-0.24,-0.79
20180927,-0.2,0.12,0.14,0.33,-0.25
20180928,-0.05,0.12,0.14,-0.1,0.14
20181001,-0.66,0.08,-0.89,-1.18,-0.41
20181002,-1.4,-0.25,-0.96,-0.64,-0.41
20181003,0.59,1.05,1.06,1.84,0.92
20181004,-1.03,-1.2,-1.52,-2.19,-0.74
20181005,-0.59,-0.78,-1.34,-1.07,-0.57
20181008,0.19,0.33,-1.26,-1.61,0.23
20181009,-0.69,-0.5,-0.47,-0.56,-0.31
20181010,-2.34,-3.16,-3.51,-3.45,-1.87
20181011,-1.03,-2.16,-1.21,-1.14,-1.75
20181012,0.72,0.2,1.54,1.53,-0.52
20181015,0.31,0.21,-0.01,-0.16,0.25
20181016,1.81,1.68,2.97,3.04,1.58
20181017,-0.35,-0.77,0.01,-0.3,-0.29
20181018,-1.49,-1.61,-1.98,-0.38,-1.51
20181019,-0.43,-0.74,-1.4,-1.86,-0.83
20181022,-0.2,-0.52,0.29,-1.56,-0.78
20181023,-0.25,-1.88,-0.64,-0.76,-0.64
20181024,-2.32,-3.36,-3.7,-4.52,-2.87
20181025,1,1.32,1.82,1.75,1.44
20181026,-1.15,-0.96,-1.78,-0.89,-0.59
20181029,-0.03,-1.27,-0.96,-1.92,0.05
20181030,1.99,1.65,2.08,0.87,1.14
20181031,-0.34,0.81,1.78,1.01,0.71
20181101,2.35,2.24,2.23,4.04,1.25
20181102,0.18,0.14,-0.05,0.62,0.08
20181105,0.2,0.6,-0.07,-0.59,0.05
20181106,0.4,0.67,0.7,0.02,0.77
20181107,0.48,1.46,1.85,1.61,0.93
20181108,0.14,-1.31,-0.12,0.32,0.03
20181109,-1.66,-1.39,-1.63,-2.91,-1.31
20181112,-1.28,-1.85,-2.58,-3.32,-1.27
20181113,-0.23,-0.79,-0.18,-0.64,0.17
20181114,-0.62,-0.54,-0.93,-2.27,-1.02
20181115,0.24,0.88,1.59,1.81,0.98
20181116,-0.39,-0.07,-0.26,0.59,-0.18
20181119,-1.3,-1.15,-3.21,-2.67,-0.76
20181120,-2.14,-2.5,-1.44,-1.27,-1.71
20181121,1.43,1.13,1.64,1.69,1.14
20181123,0.08,-0.61,0.26,0.79,-0.01
20181126,0.43,0.63,1.26,0.1,0.66
20181127,-0.43,-0.93,-0.75,-1.09,-0.55
20181128,1.73,1.67,2.54,2.46,1.72
20181129,-0.24,-0.18,0.18,0.4,-0.4
20181130,-0.19,-0.14,0.2,0.45,0.09
20181203,0.83,1.97,0.99,1.25,0.4
20181204,-3.63,-3.76,-3.32,-3.43,-3.8
20181206,-0.51,-1.77,-0.11,-1.15,-0.47
20181207,-2.11,-1.29,-2.02,-1.98,-1.1
20181210,-0.77,-1.35,0.23,-0.24,-0.84
20181211,-0.47,-0.61,-0.35,-0.36,-0.48
20181212,0.68,0.94,1.18,0.7,0.73
20181213,-1.6,-1.22,-1.39,-2.21,-1.5
20181214,-1.43,-1.96,-1.44,-1.94,-1.3
20181217,-1.96,-2.42,-2.92,-3.66,-1.44
20181218,-0.18,-0.73,0.04,-2.34,-0.6
20181219,-1.19,-1.92,-1.09,-2.42,-1.75
20181220,-1.58,-2.23,-2.24,-3.71,-1.15
20181221,-2.57,-1.76,-3.11,-3.43,-1.72
20181224,-1.61,-2.84,-1.26,-1.46,-1.64
20181226,3.49,4.39,4.15,3.43,3.16
20181227,-0.32,0.38,0.56,-0.08,-0.19
20181228,0.94,0.58,1.19,2.47,1.31
20181231,0.53,0.8,0.82,1.07,0.71
20190102,2.33,2.33,1.94,4.71,1.72
20190103,-1.17,-1.49,-2.35,-1.4,-0.76
20190104,3.11,4.08,4.01,5.19,3.14
20190107,2.05,2.11,2.09,3.55,1.06
20190108,1.32,1.26,1.52,0.84,0.96
20190109,1.13,1.46,1.01,0.77,1.62
20190110,-0.23,0.64,0.52,0.24,0.09
20190111,0.84,-0.06,0.43,0.15,0.24
20190114,-0.72,-0.76,-0.79,-0.97,-0.38
20190115,0.73,0.32,1.37,1.59,0.52
20190116,0.4,0.51,0.22,0.31,0.89
20190117,0.69,1.02,0.55,0.45,0.49
20190118,1.16,1.66,1.53,0.27,1.05
20190122,-1.34,-2.03,-1.89,-2.11,-1.37
20190123,0.01,-0.7,0.08,-0.83,0.05
20190124,0.27,0.88,1.37,0.57,0.34
20190125,0.87,1.24,1.82,1.64,0.94
20190128,-0.25,-0.89,-0.4,-1.47,-0.11
20190129,-0.4,0.38,-0.7,0.44,-0.18
20190130,0.47,1.36,1.27,1.64,0.78
20190131,0.51,0.45,1.1,1.52,0.45
20190201,-0.09,0.41,0.65,0.42,0.66
20190204,1.17,1.07,1.1,1.43,0.73
20190205,0.27,0.16,0.36,-0.1,0.15
20190206,-0.27,-0.15,0.4,0.3,-0.08
20190207,-0.79,-1.72,-1.27,-1.49,-0.41
20190208,-0.24,-0.5,0.48,-0.21,-0.21
20190211,0.57,0.79,0.33,0.64,0.55
20190212,1.52,1.51,1.5,1.35,1.07
20190213,0.51,0.75,0.54,0.44,0.55
20190214,0.36,0.16,0.28,0.06,-0.43
20190215,0.83,1.78,1.06,1.59,1.23
20190219,0.5,0.75,0.73,-0.05,0.84
20190220,0.12,0.72,0.1,-0.52,0.22
20190221,-0.35,-0.48,-0.26,0.8,-0.06
20190222,0.49,0.71,1.15,1.18,0.65
20190225,0.01,0.16,-0.12,1.28,-0.27
20190226,-0.28,-0.91,-0.41,-0.31,-0.42
20190227,0.3,0.1,0.18,0.43,-0.08
20190228,-0.18,-0.89,-0.43,-0.52,-0.15
20190301,0.66,0.74,0.62,2.28,0.67
20190304,-0.99,-0.08,-0.71,-0.62,-0.17
20190305,-0.36,-0.56,-0.21,-0.47,-0.47
20190306,-1.4,-1.77,-1.47,-2.54,-1.49
20190307,-0.91,-1,-0.65,1.06,-0.8
20190308,-0.48,-0.72,-0.05,-0.2,-0.1
20190311,1.31,1.56,1.79,1.85,1.33
20190312,-0.27,0.53,0.21,1.15,-0.08
20190313,0.65,0.44,0.41,0.79,0.41
20190314,-0.91,-0.39,-0.1,0.61,0.05
20190315,-0.19,0.27,0.32,1.17,0.17
20190318,0.61,1.11,0.36,1.52,0.55
20190319,-0.43,-0.71,0.04,0.83,-0.96
20190320,-0.66,0.22,-0.42,-0.36,-0.98
20190321,0.75,0.72,1.24,0.6,0.1
20190322,-2.41,-3.14,-2.79,-3.33,-2.79
20190325,0.49,-0.08,-0.19,-0.59,0.2
20190326,0.54,0.73,0.67,0.09,1.03
20190327,0.23,-0.24,-0.93,-1.27,0.33
20190328,0.54,0.64,0.49,0.51,0.5
20190329,0.01,-0.2,0.53,0.81,-0.14
20190401,0.87,1.51,1.23,0.64,1.39
20190402,-0.65,-0.33,0.33,0.54,-0.17
20190403,0.19,-0.09,0.54,0.13,0.26
20190404,0.98,1.01,-0.43,-0.06,0.65
20190405,0.69,1.49,0.73,1.36,0.69
20190408,-0.02,0.14,0.12,0.02,-0.03
20190409,-1.03,-1.29,-0.41,-1.4,-0.91
20190410,0.9,0.86,1.01,0.46,0.84
20190411,0.28,-0.1,-0.11,-1.15,0.27
20190412,0.1,0.8,0.08,-0.82,0.55
20190415,-0.33,-0.48,-0.21,-1.08,-0.47
20190416,0.22,0.37,0.29,-0.27,0.53
20190417,-0.33,-0.05,-1,-3.12,-0.31
20190418,-0.07,-0.01,-0.01,0.13,0
20190422,-1.12,0.46,0.22,0.2,-0.41
20190423,1.08,0.81,1.12,2.29,1.04
20190424,0.55,-0.7,0.05,-0.55,0.01
20190425,-1.13,-1.31,-0.6,-0.02,-0.6
20190426,0.96,0.28,0.59,1.16,0.91
20190429,0.49,0.42,0.55,0.38,0.51
20190430,-0.3,-0.71,-0.1,-0.77,-0.39
20190501,-0.86,-1.56,-0.6,-0.7,-0.65
20190502,0.37,-0.71,-0.21,0.33,0.26
20190503,1.58,2.24,1.71,2.08,1.51
20190506,-0.54,-0.22,-0.05,1.22,-0.2
20190507,-1.59,-1.39,-1.21,-2.19,-1.27
20190508,0.4,-0.42,-0.11,0.17,-0.3
20190509,-0.55,-0.46,-0.86,-0.77,-0.13
20190510,-0.26,0.08,-0.16,-0.47,0.2
20190513,-2.77,-2.81,-3.15,-3.5,-2.44
20190514,0.78,1.09,1.2,1.6,1.04
20190515,0.22,0.36,0.54,0.34,0.03
20190516,-0.28,0.36,0.21,-0.12,0.47
20190517,-0.88,-1.71,-1.29,-1.25,-0.83
20190520,-0.31,-0.93,-1.12,-1.03,-0.1
20190521,0.87,1.26,1.13,1.35,0.61
20190522,-1.31,-1.67,-0.59,-0.49,-0.78
20190523,-1.73,-2.56,-1.8,-2.19,-1.6
20190524,0.56,0.35,0.52,0.77,0.76
20190528,-0.8,-0.82,-0.15,-0.93,-0.81
20190529,-1.64,-0.84,-1.12,-0.87,-0.59
20190530,-0.1,-0.63,0.39,-0.08,-0.26
20190531,-1.88,-1.54,-1.6,-1.26,-1.26
20190603,0.41,1.17,-0.86,-0.21,0.36
20190604,2.8,2.51,2.28,1.84,2.05
20190605,-0.64,-0.92,-0.11,-1.22,-0.51
20190606,-1.02,-0.28,-0.1,-1.25,-0.27
20190607,1.16,0.58,0.54,1.15,0.39
20190610,0.73,0.2,0.84,1.78,0.64
20190611,0.27,-0.19,-0.49,-1.26,-0.02
20190612,-0.34,-1.15,0.12,0.7,-0.18
20190613,1.31,1.41,1,1.38,0.78
20190614,-0.61,-1.36,-0.9,-1.69,-0.19
20190617,-0.03,0.38,0.43,1.79,-0.21
20190618,0.54,1.56,1.26,1.02,1.21
20190619,0.11,-0.01,0.58,1.14,0.07
20190620,0.48,1.64,0.57,-0.25,0.56
20190621,-0.19,-0.44,-0.66,-0.18,-0.59
20190624,-1.1,-1.08,-0.86,-1.28,-0.91
20190625,-0.34,-0.48,-1.34,-0.33,-0.3
20190626,0.36,0.57,0.37,-0.96,0.2
20190627,1.35,1.35,1.38,1.53,1.34
20190628,0.91,1.49,1.2,1.81,1.56
20190701,0.06,0.34,0.67,0.34,0.23
20190702,-0.61,-1.23,-0.16,-0.97,-0.42
20190703,0.45,0.53,0.74,0.69,0.55
20190705,0.66,0.51,0.22,-0.17,0.53
20190708,-0.44,-0.6,-0.83,-0.97,-0.62
20190709,-0.45,-0.04,0.34,0.25,-0.16
20190710,0.1,0.4,0.9,0.34,-0.05
20190711,-0.22,-0.59,-0.34,-0.63,0.25
20190712,0.94,0.85,0.36,-0.51,0.56
20190715,-0.16,-0.74,-0.2,0.02,-0.43
20190716,0.24,-0.21,-0.43,-0.52,0.1
20190717,-0.96,-1.6,-0.42,-0.43,-0.74
20190718,-0.45,-0.43,-0.33,-0.05,0.11
20190719,0.04,0.07,-0.45,-1.1,-0.29
20190722,-0.59,0.11,0,-0.48,-0.26
20190723,0.42,0.82,0.27,-0.58,0.52
20190724,1.19,0.6,1.63,1.02,1.21
20190725,-0.8,-1.79,-0.76,-1.77,-0.78
20190726,0.78,0.2,1.26,1.11,0.99
20190729,-0.22,-1.34,-0.59,-0.59,-0.76
20190730,0.41,2.07,0.49,1.44,0.96
20190731,-0.46,-0.56,-1.26,-1.37,-0.63
20190801,-2.15,-2.76,-0.68,-1.12,-1.75
20190802,-0.35,-1.09,-1.22,-1.57,-0.38
20190805,-2.43,-3.08,-3.25,-3.31,-2.61
20190806,0.64,0.25,0.39,1.21,0.62
20190807,0.23,-0.1,-0.09,0.12,-0.25
20190808,1.42,1.38,1.92,1.35,1.37
20190809,-1.25,-1.59,-1.6,-0.33,-0.61
20190812,-0.95,-0.87,-1.18,-0.67,-0.82
20190813,0.88,0.65,1.11,0.84,0.73
20190814,-3.16,-3.56,-3.13,-2.54,-2.55
20190815,-0.75,-0.8,-0.32,-1.07,-0.43
20190816,1.68,2.18,1.88,2.72,1.73
20190819,1.07,1.9,1.03,1.53,0.9
20190820,-0.59,-0.78,-0.13,-0.46,-0.58
20190821,0.94,0.73,1.13,1.18,0.6
20190822,0.81,-0.64,-0.04,-1.13,-0.28
20190823,-3.03,-3.32,-2.41,-2.69,-2.41
20190826,1.14,0.83,0.63,1.11,1.12
20190827,-1.32,-1.28,-1.31,-1.9,-1.34
20190828,1.73,1.46,0.62,1.22,0.99
20190829,1.71,2.01,1.4,1.17,1.19
20190830,-0.06,-0.25,0.12,-0.23,0.24
20190903,-1.32,-1.51,-1.26,-1.23,-1.18
20190904,0.98,1.56,0.99,0.51,0.57
20190905,2.29,2.09,1.84,1.36,1.61
20190906,0.33,-0.07,0.1,0.48,-0.25
20190909,1.77,2.53,-0.13,0,1.56
20190910,2.3,1.88,0.84,2.44,1.07
20190911,2.15,1.9,1.95,2.32,1.58
20190912,-0.37,-0.35,0.09,-0.55,0.35
20190913,0.05,0.67,-0.13,0.32,0.52
20190916,-0.23,2.88,0.46,0.8,0.09
20190917,-0.88,-1.69,-0.26,-0.47,-0.25
20190918,-0.91,-0.95,-0.66,-0.4,-0.26
20190919,-0.4,-0.57,-0.23,-0.61,-0.24
20190920,-0.29,-0.1,-0.17,0.46,0.27
20190923,0.14,-0.17,-0.32,-0.83,-0.15
20190924,-0.97,-2.1,-1.94,-2.51,-1.22
20190925,0.84,0.73,0.77,-0.72,0.72
20190926,-0.5,-0.98,-0.61,-2.31,-0.75
20190927,-0.35,-0.09,-1.48,-1.53,-0.5
20190930,0.63,0.17,0.51,-0.66,0
20191001,-1.31,-2.29,-1.53,-2.44,-1.49
20191002,-1.96,-1.85,-1.4,-1.15,-1.21
20191003,0.32,0.44,0.92,1.14,0.02
20191004,0.51,0.66,1.16,0.45,0.92
20191007,-0.12,-0.68,-0.09,-0.24,-0.24
20191008,-1.18,-1.76,-1.84,-2.19,-1.09
20191009,0.4,0.23,0.56,-0.52,0.4
20191010,0.32,0.31,-0.09,-0.02,0.19
20191011,1.91,2.3,1.35,1.2,1.53
20191014,-0.61,0.39,-0.43,-0.53,0.04
20191015,0.81,0.27,1.49,2.28,0.92
20191016,0.36,-0.38,-0.4,1.68,0.14
20191017,0.95,0.44,0.51,1.04,0.56
20191018,-0.53,-0.52,-0.94,-0.67,0.21
20191021,0.56,0.79,0.64,0.89,1.01
20191022,0.07,0.7,-0.76,-0.18,0
20191023,0.3,0.73,0.19,0.18,0.23
20191024,-0.32,-0.48,0.51,-0.98,-0.32
20191025,0.74,0.74,0.56,0.67,0.39
20191028,0.4,0.17,0.83,0.76,0.49
20191029,-0.24,0.31,-0.33,-0.39,0.09
20191030,-0.46,-1.14,0.26,-0.29,-0.11
20191031,-0.89,-0.89,-0.58,0.08,-0.77
20191101,1.3,2.17,1.19,2.84,1.32
20191104,1.15,1.81,0.52,0.33,0.74
20191105,0.68,0.11,0.21,0.43,0.29
20191106,-0.09,-1.14,-0.77,-1.43,-0.35
20191107,0.02,0.41,0.01,-0.44,0.36
20191108,-0.2,0.21,0.76,0.58,-0.13
20191111,-0.23,-0.71,0.15,-0.82,-0.14
20191112,-0.4,-0.23,0.74,-0.62,-0.07
20191113,-0.69,-1.16,-0.23,-0.61,-0.42
20191114,0.08,-0.64,-0.01,-0.72,-0.09
20191115,0.34,0.35,0.75,0.12,0.06
20191118,-0.26,-1.45,-0.35,0.17,-0.13
20191119,-0.53,-0.73,0.27,1.47,0.37
20191120,-1.1,-0.83,-0.48,0.62,-0.59
20191121,-0.18,0.32,-0.42,0.16,-0.22
20191122,0.71,0.38,0.54,0.73,0.3
20191125,1.7,1.67,1.62,1.87,1.41
20191126,0.24,-0.49,-0.08,0.3,-0.12
20191127,0.38,0.28,0.67,1.71,0.4
20191129,-0.14,-0.64,-0.12,1.37,-0.2
20191202,-0.69,-0.94,-1.47,-0.03,-0.75
20191203,-0.76,-0.83,-0.14,0.79,-0.55
20191204,0.52,1.1,0.2,0.83,0.5
20191205,0.15,0.18,0.13,-1.15,0.22
20191206,1.21,1.66,0.82,0.97,0.88
20191209,0.13,0.06,-0.37,0.6,0.09
20191210,-0.28,0.22,0.18,0.86,0.35
20191211,-0.19,0.87,0.36,-0.11,0.2
20191212,0.85,1.58,0.72,0.83,0.93
20191213,-1.04,-0.49,0.07,-0.31,-0.02
20191216,0.34,0.94,0.6,0.57,0.37
20191217,0.79,0.79,0.12,-0.39,0.4
20191218,0.59,0.29,0.49,-0.14,0
20191219,0.09,0.5,0.42,1.05,0.26
20191220,0.21,0.02,0.4,0.63,0.38
20191223,0,0.66,0.29,2.1,-0.29
20191224,0.18,0.31,0.14,1.87,0.15
20191226,0.21,0.16,0.43,0.18,0.04
20191227,-0.1,-0.68,-0.25,-0.89,-0.21
20191230,-0.13,0.05,-0.2,0.04,-0.09
20191231,0.47,0.64,0.62,1.03,0.37
20200102,0.31,0.22,1.51,0.44,0.39
20200103,-0.36,0.42,-0.56,-0.54,-0.62
20200106,0.46,1.43,0.81,1.31,0.1
20200107,-0.25,-0.21,0.33,0.33,-0.38
20200108,-0.08,-1.09,0.56,0.68,0.32
20200109,-0.25,-0.27,0.41,1.23,0.14
20200110,-0.65,-0.85,0.16,0.25,-0.48
20200113,0.4,0.29,0.76,-0.32,0.59
20200114,0.49,0.4,0.3,1.33,-0.03
20200115,0.18,-0.03,0.53,1.04,0.38
20200116,1.7,1.2,1.55,2.16,1.12
20200117,-0.27,-0.37,0.04,-0.28,-0.18
20200121,-0.38,-1.29,-0.36,1.02,-0.63
20200122,-0.16,-0.71,-0.02,-0.4,-0.04
20200123,0.36,-0.4,0.06,-0.29,0.04
20200124,-1.36,-1.48,-1.02,-1.8,-1
20200127,-1.47,-2.04,-1.84,-0.58,-1.23
20200128,0.73,0.82,1.26,0.86,0.68
20200129,-0.68,-0.85,-0.91,-0.63,-0.55
20200130,-0.46,-0.26,-0.18,-1.13,0.27
20200131,-1.81,-1.7,-1.96,-1.2,-1.79
20200203,0.58,0.26,0.61,0.96,0.5
20200204,1.01,1.03,1.76,1.56,1
20200205,1.39,2.8,0.55,1.76,1.7
20200206,-0.43,-1.13,0.27,-0.15,-0.24
20200207,-1.42,-1.54,-0.89,-1.78,-0.62
20200210,0.05,-0.46,0.63,1.05,0.23
20200211,0.43,0.64,0.82,0.34,0.58
20200212,0.76,0.98,0.96,0.1,0.36
20200213,-0.16,-0.07,-0.2,-0.33,0.18
20200214,0.1,-0.45,-0.09,0.15,-0.34
20200218,-0.04,-0.57,-0.17,1.11,-0.17
20200219,0.3,0.74,1.01,0.99,0.42
20200220,0.92,0.56,0.61,0.47,0.36
20200221,-0.76,-1.06,-1.38,-0.51,-0.69
20200224,-3.02,-3.33,-3.12,-2.3,-2.56
20200225,-3.31,-3.85,-3.2,-3.19,-3.05
20200226,-1.7,-1.92,-1.16,-0.61,-1.16
20200227,-3.22,-3.81,-3.67,-2.29,-3.19
20200228,-0.87,-0.51,-0.06,1.41,-1.99
20200302,1.39,1.83,1.68,3.76,2.52
20200303,-1.89,-1.8,-1.57,-2.14,-2.21
20200304,2.37,2.46,2.37,3.79,2.27
20200305,-3.69,-4.04,-3.21,-2.02,-3.86
20200306,-1.72,-3.8,-2.56,-2.29,-2.11
20200309,-7.92,-13.94,-8.48,-8.22,-9.67
20200310,2.15,3.46,3.1,0.76,2.81
20200311,-5.75,-6.25,-5.25,-5.64,-5.73
20200312,-11.08,-9.9,-10.52,-11.49,-10.79
20200313,6.07,9.7,5.43,3.38,7.5
20200316,-12.56,-11.65,-11.67,-12.21,-12.97
20200317,2.68,5.08,5.21,5.57,5.74
20200318,-10.03,-11.39,-8.43,-6.68,-12.57
20200319,8.54,7.8,6.44,8.71,7.25
20200320,-3.53,-2.78,-1.84,0.05,-3.18
20200323,-1.38,-3.75,-0.53,0.06,-3.05
20200324,11.16,9.66,9.31,8.7,10.1
20200325,2.67,2.9,2.62,2.99,3.08
20200326,5.16,5.14,5.76,4.81,6.6
20200327,-4.44,-4.42,-3.22,-2.46,-4.27
20200330,0.29,0.41,1.63,2.23,1.36
20200331,-0.59,1.25,-0.39,-0.07,-0.01
20200401,-6.58,-6.06,-5.5,-5.66,-6.69
20200402,-0.74,3.04,0.26,0.93,0.34
20200403,-2.36,-1.68,-2.32,-1.26,-3.53
20200406,8.71,6.56,7.72,6.06,6.99
20200407,1.83,0.65,0.64,-0.38,1.27
20200408,4.89,5.29,4.02,5.07,4.32
20200409,5.1,4.62,2.32,2.92,5.27
20200413,-1.28,-0.95,0.38,1.36,-2.93
20200414,2.43,0.72,3.03,4.28,0.72
20200415,-3.27,-4.25,-1.92,-2.23,-4.21
20200416,-0.62,-2.05,0.08,0.49,-2.2
20200417,4.13,5.37,3.06,3.22,5.35
20200420,-1.99,-2.5,-0.79,0.92,-2
20200421,-1.89,-0.92,-2.65,-2.3,-1.64
20200422,0.77,2.66,2.54,1.61,0.9
20200423,0.93,3.96,0.89,1.26,1.06
20200424,1.73,0.68,1.51,2.34,1.35
20200427,5.68,2.73,3.28,3.05,4.84
20200428,2.61,2.41,1.06,-0.7,2.44
20200429,4.88,6.77,4.63,3.58,5.88
20200430,-2.69,-1.8,-1.58,-2.42,-3.52
20200501,-3.41,-4.36,-3.29,-3.2,-3.29
20200504,-0.26,0.35,0.79,2.93,-0.42
20200505,-0.69,-0.01,1.09,2.19,-0.82
20200506,-0.96,-2.42,0.65,0.21,-2.07
20200507,1.88,1.6,2.4,1.25,2
20200508,4.34,5.04,2.75,2.04,3.75
20200511,-1.19,-1.17,-0.14,3.29,-2.5
20200512,-2.53,-2.79,-2.05,-0.85,-3.57
20200513,-3.59,-3.99,-3.27,-2.72,-3.49
20200514,0.59,0.22,0.85,-0.73,0.71
20200515,1.52,0.85,0.39,2.05,1.19
20200518,5.6,7.35,3.9,3.2,7.2
20200519,-1.37,-1.84,-0.17,-0.58,-2.37
20200520,2.04,3.13,2.67,2.49,3.93
20200521,0.98,-0.03,-0.61,0.38,-0.2
20200522,0.5,-0.23,1.03,1.67,0.49
20200526,4.07,3.89,1.91,0.56,4.12
20200527,4.42,2.62,1.94,0.34,4.72
20200528,-2.34,-1.62,-1.43,-0.29,-2.53
20200529,-0.5,-1.34,0.78,0.17,-1.11
20200601,1.23,1.68,1.82,0.72,0.61
20200602,1.51,1.84,0.93,0.96,0.83
20200603,3.59,3,2.6,-0.5,3.96
20200604,1.97,1.98,0.27,-0.21,2.16
20200605,4.1,7.48,2.55,1.67,4.65
20200608,4.36,8.36,2.89,2.97,3.26
20200609,-1.85,-3.54,-0.31,0.07,-1.5
20200610,-3.43,-4.09,-1.06,-0.78,-3.21
20200611,-7.72,-8.93,-7.33,-7.11,-7.75
20200612,2.94,3.26,2.36,2.02,2.86
20200615,1.27,1.56,2.11,3.49,1.55
20200616,2.6,2.48,3.32,1.64,2.46
20200617,-1.4,-2.35,-0.93,-0.52,-1.8
20200618,-0.3,-0.33,0.46,0.93,-0.2
20200619,-0.9,-1.26,-0.23,0.75,-0.15
20200622,0.74,-0.26,0.39,1.56,0.21
20200623,0.8,0.37,0.27,0.46,0
20200624,-3.26,-4.17,-2.67,-2.15,-3.38
20200625,0.84,1.15,1.63,1.71,1.7
20200626,-1.74,-2.56,-2.27,-2.49,-3.16
20200629,3.34,3.3,1.69,0.34,3.24
20200630,0.93,1.53,1.6,0.54,1.56
20200701,-0.94,-1.68,0.09,0.49,-1.55
20200702,0.53,0.94,0.47,-0.06,0.17
20200706,1.23,1.33,1.59,0.47,1.08
20200707,-1.9,-2.15,-1.73,0.14,-2.77
20200708,0.7,0.06,1.25,0.83,0.61
20200709,-2.31,-2.51,-0.45,-1.01,-2.75
20200710,1.82,2.5,0.63,-0.19,2.87
20200713,-1.61,-1.14,-2.49,-1.36,-0.54
20200714,1.66,2.33,1.24,1.7,0.46
20200715,3.87,3.13,2.59,3.02,3.82
20200716,0.35,0.14,0,0.16,-0.04
20200717,0.25,-0.06,1.52,2.53,-0.58
20200720,-1.08,-1.19,1.35,2.1,-0.84
20200721,2.45,3.21,0.18,0,2.5
20200722,0.67,0.68,0.2,-0.67,-0.18
20200723,-0.05,0.35,-0.55,-1.41,0.13
20200724,-0.47,-1.03,-1.04,-1.44,-0.93
20200727,0.63,0.19,1.7,1.42,-0.05
20200728,-0.13,-1.05,-0.53,-1.61,-0.48
20200729,2.7,1.62,2.59,-0.18,2.02
20200730,-0.71,-0.74,0.9,1.67,-0.63
20200731,-1.2,-1.32,-0.04,-1.94,-1.1
20200803,0.99,1.71,2.52,2.91,1.14
20200804,1.54,1.48,1.21,0.78,0.43
20200805,1.44,1.89,0.98,1.4,2.03
20200806,0.07,-0.67,-0.05,-0.8,0.36
20200807,1.48,1.56,0.09,0.71,2.14
20200810,1.72,2.53,-0.03,1.82,1.68
20200811,0.21,-0.5,-1.22,-2.65,0.44
20200812,1.16,0.75,0.26,-0.46,0.13
20200813,0.25,-0.84,0.78,0.45,-0.58
20200814,0.33,0.23,-0.71,-0.76,0.4
20200817,0.64,-0.23,0.32,1.62,-0.49
20200818,-0.76,-1.42,-0.23,-0.36,-1.31
20200819,0.23,-0.41,0.14,-0.03,0.16
20200820,-0.61,-1.04,-0.45,-0.42,-0.77
20200821,-0.88,-1.52,-1.1,-1.53,-0.8
20200824,1.51,1.64,0.16,-2.43,1.63
20200825,-0.13,0.13,0.84,1.47,0.12
20200826,-0.25,-1.16,0.49,-0.82,-0.85
20200827,0.6,0.47,-0.73,-1.42,0.73
20200828,1.29,1.22,1.18,1,1.01
20200831,-1.39,-2,-0.67,0.71,-1.47