date,LT_Rev
20090102,-0.78
20090105,-1.31
20090106,0.73
20090107,0.24
20090108,-0.61
20090109,-0.29
20090112,0.52
20090113,0.08
20090114,-0.22
20090115,-0.79
20090116,-0.39
20090120,-0.91
20090121,-1.31
20090122,-0.62
20090123,-0.26
20090126,-0.49
20090127,0.2
20090128,0.01
20090129,-0.2
20090130,-0.98
20090202,0.84
20090203,-0.66
20090204,-1.5
20090205,-0.12
20090206,0.8
20090209,0.07
20090210,-0.78
20090211,1.28
20090212,-0.24
20090213,-0.77
20090217,0.7
20090218,0.3
20090219,-1.22
20090220,0.1
20090223,1.58
20090224,0.54
20090225,0.61
20090226,-0.31
20090227,0.05
20090302,1.28
20090303,-0.71
20090304,-0.86
20090305,0.62
20090306,-0.33
20090309,-0.01
20090310,0.97
20090311,0.06
20090312,1.63
20090313,0.85
20090316,-1.32
20090317,0.81
20090318,1.59
20090319,-1.49
20090320,0.69
20090323,-0.33
20090324,-0.55
20090325,0.26
20090326,0.5
20090327,0.41
20090330,-0.3
20090331,0.44
20090401,-0.06
20090402,-0.71
20090403,-0.54
20090406,0.28
20090407,-0.24
20090408,0.3
20090409,0.9
20090413,0.95
20090414,-0.13
20090415,0.48
20090416,0.64
20090417,0.23
20090420,-0.77
20090421,0.15
20090422,-0.06
20090423,-0.77
20090424,0.2
20090427,-0.07
20090428,-0.05
20090429,0.08
20090430,0.03
20090501,-1.42
20090504,0.34
20090505,0.76
20090506,0.02
20090507,0.38
20090508,-0.81
20090511,0.64
20090512,-0.79
20090513,0.35
20090514,0.65
20090515,-0.13
20090518,0.45
20090519,-0.5
20090520,-0.26
20090521,0.44
20090522,-0.37
20090526,-0.23
20090527,-0.27
20090528,-0.99
20090529,-0.09
20090601,-1
20090602,-0.17
20090603,0.62
20090604,-0.27
20090605,-0.53
20090608,0.46
20090609,-0.27
20090610,-0.54
20090611,-0.07
20090612,0.39
20090615,0.08
20090616,-0.01
20090617,0.36
20090618,0.04
20090619,0.46
20090622,0.39
20090623,-0.13
20090624,0.11
20090625,0.16
20090626,0.55
20090629,-0.02
20090630,0.07
20090701,0.05
20090702,-0.17
20090706,0.47
20090707,0.72
20090708,-0.24
20090709,-0.06
20090710,0.29
20090713,1.03
20090714,-0.15
20090715,0.15
20090716,-0.48
20090717,-0.63
20090720,0.04
20090721,-0.9
20090722,0.89
20090723,0.53
20090724,-0.03
20090727,1.08
20090728,0.9
20090729,0.58
20090730,-0.09
20090731,0.42
20090803,0.19
20090804,0.88
20090805,1.28
20090806,0.46
20090807,0.77
20090810,0.16
20090811,-0.75
20090812,-0.06
20090813,0.2
20090814,0.15
20090817,-0.34
20090818,0.3
20090819,-0.27
20090820,0.37
20090821,0.27
20090824,-0.47
20090825,1.02
20090826,0.28
20090827,0.6
20090828,0.19
20090831,0
20090901,-1.33
20090902,-0.19
20090903,0.42
20090904,0.2
20090908,-0.49
20090909,0.38
20090910,0.22
20090911,-0.31
20090914,0.34
20090915,0.23
20090916,0.56
20090917,-0.37
20090918,0.11
20090921,0.21
20090922,0.09
20090923,-0.17
20090924,-0.67
20090925,-0.35
20090928,0.67
20090929,0.28
20090930,-0.46
20091001,-0.94
20091002,-0.61
20091005,1.01
20091006,0.1
20091007,0.03
20091008,0.26
20091009,0.02
20091012,0.24
20091013,0.08
20091014,0.62
20091015,-0.63
20091016,-1.27
20091019,-0.3
20091020,-0.73
20091021,-0.38
20091022,0.61
20091023,-0.82
20091026,-0.91
20091027,-0.97
20091028,-1.72
20091029,1.79
20091030,-1.18
20091102,-0.17
20091103,0.64
20091104,-0.37
20091105,0.74
20091106,0.35
20091109,1.22
20091110,-0.42
20091111,0.53
20091112,-0.12
20091113,0.07
20091116,0.34
20091117,0.09
20091118,0.36
20091119,-0.62
20091120,-0.68
20091123,-0.01
20091124,-0.58
20091125,0.04
20091127,-0.64
20091130,0.52
20091201,0.12
20091202,0.07
20091203,-0.28
20091204,1.01
20091207,-0.23
20091208,-0.1
20091209,-0.06
20091210,-0.45
20091211,0.65
20091214,0.08
20091215,-0.63
20091216,0.48
20091217,-0.38
20091218,0.35
20091221,0.09
20091222,0.36
20091223,-0.07
20091224,0.1
20091228,-0.34
20091229,-0.08
20091230,-0.22
20091231,0.31
20100104,0.79
20100105,1.28
20100106,0.43
20100107,1.33
20100108,0.03
20100111,0.05
20100112,-0.98
20100113,0.4
20100114,0.3
20100115,-0.59
20100119,0.26
20100120,0.21
20100121,-0.9
20100122,-0.79
20100125,0.02
20100126,0.02
20100127,0.27
20100128,0.13
20100129,-0.43
20100201,0.77
20100202,0.74
20100203,-0.21
20100204,-0.95
20100205,0.05
20100208,-0.16
20100209,0.4
20100210,0.39
20100211,0.13
20100212,0.04
20100216,1.11
20100217,0.36
20100218,-0.21
20100219,0.02
20100222,0.49
20100223,-0.85
20100224,0.59
20100225,0.09
20100226,0.3
20100301,0.47
20100302,-0.01
20100303,0.29
20100304,0.28
20100305,0.74
20100308,0.29
20100309,0.59
20100310,0.52
20100311,0.19
20100312,-0.06
20100315,-0.35
20100316,1.11
20100317,0.26
20100318,-0.37
20100319,-1.07
20100322,0.58
20100323,0.54
20100324,0.76
20100325,-0.05
20100326,0.44
20100329,-0.23
20100330,-0.55
20100331,-0.1
20100401,0.54
20100405,1.11
20100406,0.6
20100407,0.2
20100408,0.6
20100409,0.04
20100412,0.64
20100413,-0.01
20100414,1.69
20100415,0.11
20100416,-1.19
20100419,0.32
20100420,0.62
20100421,0.03
20100422,0.7
20100423,0.28
20100426,-0.27
20100427,-1.58
20100428,0.3
20100429,0.68
20100430,-1.1
20100503,0.57
20100504,-0.75
20100505,-0.36
20100506,-1.24
20100507,-0.69
20100510,1.88
20100511,0.35
20100512,0.45
20100513,-0.54
20100514,-0.96
20100517,-0.18
20100518,-1.06
20100519,-0.2
20100520,-1.4
20100521,0.8
20100524,-0.37
20100525,0.32
20100526,0.3
20100527,1.16
20100528,-0.27
20100601,-0.9
20100602,0.06
20100603,-0.14
20100604,-0.89
20100607,-1.35
20100608,-0.08
20100609,0.11
20100610,0.44
20100611,0.08
20100614,0.18
20100615,0.65
20100616,-0.33
20100617,-0.29
20100618,0.07
20100621,-0.11
20100622,-0.64
20100623,-0.23
20100624,-0.83
20100625,0.85
20100628,-0.45
20100629,-1.8
20100630,-0.42
20100701,-0.44
20100702,-0.65
20100706,-0.58
20100707,1.29
20100708,0.42
20100709,0.89
20100712,-0.08
20100713,1.43
20100714,-0.53
20100715,-0.46
20100716,-1.93
20100719,-0.05
20100720,0.23
20100721,-0.66
20100722,1.17
20100723,0.45
20100726,1.02
20100727,-0.13
20100728,-0.51
20100729,0.7
20100730,-0.06
20100802,0.51
20100803,-0.73
20100804,0.03
20100805,-0.1
20100806,-0.15
20100809,0.29
20100810,-0.7
20100811,-1.05
20100812,-0.25
20100813,0.17
20100816,0
20100817,-0.13
20100818,0.47
20100819,-0.65
20100820,-0.32
20100823,-0.45
20100824,-0.54
20100825,0.17
20100826,-0.23
20100827,0.43
20100830,-0.45
20100831,0.23
20100901,1.16
20100902,0.66
20100903,0.5
20100907,-0.98
20100908,0.52
20100909,0.26
20100910,0.05
20100913,0.77
20100914,-0.5
20100915,-0.25
20100916,-0.42
20100917,-0.29
20100920,0.52
20100921,-0.24
20100922,-0.75
20100923,-0.52
20100924,0.99
20100927,-0.19
20100928,0.26
20100929,0.07
20100930,0.19
20101001,0.17
20101004,-0.22
20101005,0.28
20101006,0.02
20101007,0.23
20101008,0.13
20101011,-0.07
20101012,0.48
20101013,-0.34
20101014,-0.83
20101015,-1.25
20101018,0.48
20101019,-0.31
20101020,-0.11
20101021,-0.31
20101022,0.1
20101025,-0.06
20101026,0
20101027,-0.14
20101028,-0.24
20101029,-0.17
20101101,-0.36
20101102,-0.12
20101103,0.27
20101104,0.84
20101105,0.57
20101108,-0.14
20101109,-0.62
20101110,0.27
20101111,-0.1
20101112,-0.2
20101115,-0.16
20101116,-0.33
20101117,-0.22
20101118,-0.02
20101119,0.11
20101122,-0.47
20101123,-0.34
20101124,0.33
20101126,-0.21
20101129,0.49
20101130,-0.29
20101201,0.48
20101202,0.99
20101203,0.28
20101206,-0.02
20101207,0.07
20101208,0.38
20101209,0.92
20101210,0.65
20101213,-0.6
20101214,-0.52
20101215,-0.54
20101216,0.26
20101217,0.33
20101220,0.45
20101221,0.68
20101222,0.61
20101223,-0.62
20101227,0.64
20101228,-0.14
20101229,-0.17
20101230,-0.03
20101231,0.29
20110103,0.79
20110104,0.09
20110105,0.66
20110106,-0.11
20110107,-0.29
20110110,0.19
20110111,0.01
20110112,0.33
20110113,-0.18
20110114,0.64
20110118,-0.65
20110119,-1.11
20110120,0.23
20110121,0.85
20110124,0.1
20110125,-0.3
20110126,-0.22
20110127,0.72
20110128,-0.47
20110131,0.1
20110201,0.96
20110202,-0.17
20110203,0.22
20110204,0.01
20110207,0.63
20110208,0.21
20110209,-0.14
20110210,0.06
20110211,0.5
20110214,-0.11
20110215,-0.01
20110216,0.41
20110217,0.57
20110218,-0.33
20110222,-1.28
20110223,-0.38
20110224,0.09
20110225,0.3
20110228,-0.27
20110301,-0.56
20110302,0.14
20110303,0.09
20110304,-0.47
20110307,-0.11
20110308,0.8
20110309,-0.1
20110310,-0.34
20110311,0.26
20110314,-0.33
20110315,-0.31
20110316,-0.33
20110317,0.21
20110318,-0.01
20110321,0.15
20110322,-0.3
20110323,0.02
20110324,0.06
20110325,-0.07
20110328,-0.03
20110329,0.06
20110330,-0.03
20110331,-0.38
20110401,0.18
20110404,-0.23
20110405,0.23
20110406,0.4
20110407,-0.2
20110408,-0.43
20110411,-0.22
20110412,-0.02
20110413,-0.19
20110414,-0.27
20110415,0
20110418,-0.32
20110419,0.14
20110420,-0.32
20110421,0.06
20110425,0.09
20110426,-0.4
20110427,-0.07
20110428,0
20110429,-0.4
20110502,-0.15
20110503,-0.1
20110504,-0.19
20110505,0.09
20110506,-0.12
20110509,-0.55
20110510,0.05
20110511,-0.29
20110512,-0.55
20110513,-0.36
20110516,-0.17
20110517,-0.19
20110518,0.2
20110519,-0.03
20110520,-0.18
20110523,-0.33
20110524,0
20110525,-0.03
20110526,0.1
20110527,0.24
20110531,-0.11
20110601,-0.53
20110602,0.22
20110603,-0.06
20110606,-1.09
20110607,-0.18
20110608,-0.61
20110609,0.3
20110610,0.12
20110613,0.12
20110614,0.07
20110615,-0.37
20110616,-0.14
20110617,0.49
20110620,-0.32
20110621,0.52
20110622,-0.02
20110623,-0.23
20110624,-0.49
20110627,0.16
20110628,0.04
20110629,0.59
20110630,-0.14
20110701,0.48
20110705,-0.69
20110706,-0.31
20110707,0.48
20110708,-0.46
20110711,-0.9
20110712,-0.24
20110713,0.09
20110714,-0.14
20110715,-0.21
20110718,-0.62
20110719,-0.11
20110720,0.67
20110721,0.43
20110722,-0.28
20110725,-0.15
20110726,0.24
20110727,-0.27
20110728,0.06
20110729,0.02
20110801,-0.02
20110802,-0.92
20110803,-0.1
20110804,-1.4
20110805,-1.17
20110808,-3.16
20110809,0.99
20110810,-1.85
20110811,0.98
20110812,-0.83
20110815,1.47
20110816,-0.58
20110817,-0.03
20110818,-1.18
20110819,-0.73
20110822,-1.09
20110823,-0.08
20110824,0.91
20110825,0.28
20110826,0.03
20110829,1.82
20110830,-0.26
20110831,0.2
20110901,-0.74
20110902,-1.12
20110906,-0.75
20110907,1.7
20110908,-0.63
20110909,-0.37
20110912,0.27
20110913,0.19
20110914,0.34
20110915,0.84
20110916,-0.21
20110919,-1.26
20110920,-0.43
20110921,-1.24
20110922,-0.71
20110923,0.38
20110926,0.68
20110927,-0.21
20110928,-0.81
20110929,0.8
20110930,-1.21
20111003,-1.84
20111004,1.14
20111005,0.69
20111006,0.95
20111007,-1.06
20111010,0.85
20111011,0.32
20111012,1.14
20111013,-0.97
20111014,-0.01
20111017,-0.8
20111018,1.89
20111019,-0.14
20111020,0.49
20111021,-0.41
20111024,0.57
20111025,-0.73
20111026,0.83
20111027,1.8
20111028,-0.02
20111031,-1.3
20111101,-1.37
20111102,0.56
20111103,-0.04
20111104,-0.5
20111107,0.06
20111108,0.46
20111109,-1.02
20111110,0.13
20111111,0.15
20111114,-0.67
20111115,-0.25
20111116,-0.42
20111117,-0.21
20111118,0.47
20111121,-0.55
20111122,-0.6
20111123,-0.78
20111125,0.24
20111128,-0.01
20111129,-0.21
20111130,1.31
20111201,-0.17
20111202,0.74
20111205,0.55
20111206,0.08
20111207,0.63
20111208,-1.16
20111209,0.26
20111212,-0.47
20111213,-0.22
20111214,0.59
20111215,0.17
20111216,0.05
20111219,-0.84
20111220,0.5
20111221,0.88
20111222,0.85
20111223,0.04
20111227,-0.58
20111228,-0.25
20111229,0.29
20111230,0.02
20120103,1.05
20120104,-0.01
20120105,0.26
20120106,-0.24
20120109,0.01
20120110,0.49
20120111,0.88
20120112,0.12
20120113,-0.25
20120117,-0.95
20120118,0.52
20120119,0.1
20120120,0.27
20120123,-0.1
20120124,0.13
20120125,-0.22
20120126,-0.23
20120127,0.28
20120130,-0.38
20120131,-0.21
20120201,0.73
20120202,0.39
20120203,0.66
20120206,0
20120207,-0.08
20120208,0.56
20120209,-0.21
20120210,-0.32
20120213,0
20120214,-0.5
20120215,0.17
20120216,0.33
20120217,0.24
20120221,-0.32
20120222,-0.64
20120223,0.35
20120224,-0.53
20120227,0.14
20120228,0.18
20120229,0
20120301,-0.06
20120302,-0.04
20120305,-0.1
20120306,-0.58
20120307,0.56
20120308,0.25
20120309,0.17
20120312,-0.02
20120313,0.99
20120314,0.12
20120315,0.89
20120316,0.39
20120319,-0.06
20120320,0.43
20120321,0
20120322,-0.33
20120323,-0.01
20120326,-0.04
20120327,-0.16
20120328,0.38
20120329,-0.38
20120330,-0.02
20120402,-0.2
20120403,-0.31
20120404,-0.23
20120405,-0.32
20120409,-0.3
20120410,-0.56
20120411,0.73
20120412,0.41
20120413,-0.8
20120416,0.41
20120417,-0.2
20120418,-0.32
20120419,0.08
20120420,0
20120423,0.03
20120424,0.62
20120425,-0.71
20120426,-0.27
20120427,-0.1
20120430,-0.08
20120501,0.14
20120502,-0.17
20120503,-0.06
20120504,-0.3
20120507,0.17
20120508,-0.09
20120509,-0.23
20120510,0.03
20120511,-0.53
20120514,-0.4
20120515,-0.44
20120516,-0.38
20120517,-0.09
20120518,0.09
20120521,-0.45
20120522,0.07
20120523,-0.28
20120524,0.23
20120525,0.14
20120529,0.3
20120530,-0.82
20120531,0.49
20120601,-0.79
20120604,-0.99
20120605,0.37
20120606,0.79
20120607,-0.02
20120608,0.33
20120611,-0.38
20120612,0.47
20120613,-0.08
20120614,0.72
20120615,0.15
20120618,-0.68
20120619,0.66
20120620,0.51
20120621,-0.11
20120622,0.21
20120625,-0.58
20120626,0.15
20120627,0.62
20120628,0.26
20120629,0.28
20120702,0.04
20120703,-0.14
20120705,-0.53
20120706,0.19
20120709,-0.44
20120710,-0.16
20120711,0.19
20120712,-0.63
20120713,0.48
20120716,-0.08
20120717,0.08
20120718,-0.78
20120719,-1.01
20120720,-0.06
20120723,0.1
20120724,-0.2
20120725,0.11
20120726,0.44
20120727,0.29
20120730,-0.1
20120731,0.15
20120801,-0.09
20120802,-0.29
20120803,0.55
20120806,0.37
20120807,0.29
20120808,0.49
20120809,0.13
20120810,-0.12
20120813,0
20120814,-0.09
20120815,0.2
20120816,0.51
20120817,0.23
20120820,0.24
20120821,0.25
20120822,-0.21
20120823,-0.49
20120824,-0.11
20120827,-0.1
20120828,0.01
20120829,0.09
20120830,-0.15
20120831,0.07
20120904,-0.27
20120905,0.44
20120906,0.6
20120907,0.73
20120910,-0.27
20120911,0.62
20120912,0.5
20120913,0.35
20120914,0.63
20120917,-0.6
20120918,-0.38
20120919,0.42
20120920,-0.28
20120921,0.07
20120924,-0.02
20120925,-0.56
20120926,-0.29
20120927,0.43
20120928,-0.29
20121001,0.22
20121002,0.06
20121003,0.09
20121004,0.39
20121005,0.21
20121008,-0.05
20121009,0.08
20121010,-0.01
20121011,0.86
20121012,-0.58
20121015,0.38
20121016,-0.13
20121017,0.85
20121018,0.2
20121019,-0.33
20121022,-0.18
20121023,-0.47
20121024,-0.03
20121025,-0.3
20121026,-0.41
20121031,0
20121101,0.19
20121102,0.26
20121105,-0.1
20121106,0.35
20121107,-1.16
20121108,0.15
20121109,-0.03
20121112,-0.02
20121113,-0.42
20121114,-0.32
20121115,0.41
20121116,-0.31
20121119,0.21
20121120,0.05
20121121,0.2
20121123,0.16
20121126,-0.05
20121127,-0.11
20121128,-0.08
20121129,0.07
20121130,0.12
20121203,0.01
20121204,0.14
20121205,0.72
20121206,-0.04
20121207,0.39
20121210,0.25
20121211,0.18
20121212,0.57
20121213,0.05
20121214,0.48
20121217,0.28
20121218,0.21
20121219,-0.05
20121220,0.56
20121221,-0.37
20121224,-0.19
20121226,0.54
20121227,-0.32
20121228,-0.09
20121231,0.03
20130102,0.41
20130103,0.19
20130104,0.74
20130107,-0.11
20130108,-0.01
20130109,-0.17
20130110,0.46
20130111,-0.18
20130114,0.19
20130115,0.31
20130116,-0.03
20130117,-0.21
20130118,0.49
20130122,0.53
20130123,-0.13
20130124,0.34
20130125,-0.03
20130128,0.1
20130129,0.37
20130130,0.02
20130131,0.38
20130201,0.16
20130204,-0.23
20130205,0.01
20130206,0.09
20130207,-0.01
20130208,-0.28
20130211,0.29
20130212,0.61
20130213,0.19
20130214,0.25
20130215,-0.19
20130219,0.33
20130220,-0.83
20130221,-0.12
20130222,0.21
20130225,-0.72
20130226,0.16
20130227,0.18
20130228,-0.12
20130301,-0.27
20130304,0.18
20130305,0.13
20130306,0.46
20130307,0.52
20130308,0.08
20130311,0.23
20130312,-0.15
20130313,0.03
20130314,0.45
20130315,0.29
20130318,-0.22
20130319,-0.17
20130320,0.05
20130321,-0.17
20130322,-0.24
20130325,0.01
20130326,-0.04
20130327,-0.1
20130328,-0.26
20130401,0.01
20130402,-0.59
20130403,-0.38
20130404,0.01
20130405,0.69
20130408,0.22
20130409,0.44
20130410,-0.03
20130411,-0.05
20130412,-0.66
20130415,-0.7
20130416,-0.05
20130417,-0.53
20130418,0.36
20130419,-0.12
20130422,-0.05
20130423,0.37
20130424,0.91
20130425,0.18
20130426,-0.07
20130429,0.15
20130430,-0.11
20130501,-0.14
20130502,0
20130503,0.43
20130506,0.72
20130507,-0.35
20130508,0.2
20130509,0.08
20130510,0.19
20130513,-0.05
20130514,0.34
20130515,0.21
20130516,0.19
20130517,0.53
20130520,0.76
20130521,-0.14
20130522,-0.59
20130523,0.18
20130524,-0.05
20130528,0.27
20130529,0.64
20130530,0.25
20130531,-0.36
20130603,0.2
20130604,-0.21
20130605,-0.2
20130606,0.16
20130607,0.25
20130610,0.21
20130611,-0.79
20130612,-0.11
20130613,0.35
20130614,-0.36
20130617,0.12
20130618,-0.12
20130619,0.26
20130620,-0.26
20130621,-0.37
20130624,-0.71
20130625,0.77
20130626,-0.2
20130627,0.12
20130628,0.1
20130701,-0.01
20130702,-0.01
20130703,-0.3
20130705,0.41
20130708,0.04
20130709,0.52
20130710,-0.09
20130711,-0.04
20130712,0.02
20130715,0.48
20130716,-0.1
20130717,0.34
20130718,0.76
20130719,0.34
20130722,0.38
20130723,0.2
20130724,-0.44
20130725,-0.15
20130726,-0.01
20130729,-0.43
20130730,0.03
20130731,0.24
20130801,0.31
20130802,-0.08
20130805,0.03
20130806,-0.56
20130807,-0.06
20130808,0.15
20130809,-0.08
20130812,-0.23
20130813,-0.03
20130814,0.18
20130815,-0.14
20130816,0.12
20130819,-0.72
20130820,0.24
20130821,-0.22
20130822,0.36
20130823,-0.05
20130826,0.04
20130827,-0.81
20130828,0.07
20130829,-0.05
20130830,-0.15
20130903,0.37
20130904,-0.04
20130905,0.41
20130906,-0.01
20130909,0.26
20130910,0.27
20130911,-0.18
20130912,-0.27
20130913,-0.16
20130916,0.14
20130917,0.03
20130918,-0.21
20130919,-0.41
20130920,0.01
20130923,-0.46
20130924,0.13
20130925,0.37
20130926,-0.51
20130927,-0.13
20130930,-0.05
20131001,-0.05
20131002,-0.05
20131003,0.11
20131004,-0.05
20131007,-0.12
20131008,0.31
20131009,0.2
20131010,0.17
20131011,0.16
20131014,-0.07
20131015,0.1
20131016,0.37
20131017,0.15
20131018,-0.27
20131021,-0.18
20131022,0.01
20131023,0.18
20131024,-0.45
20131025,-0.01
20131028,0.08
20131029,0.05
20131030,0.11
20131031,-0.5
20131101,0.27
20131104,-0.02
20131105,0.03
20131106,0.27
20131107,0.58
20131108,0.04
20131111,-0.24
20131112,-0.24
20131113,-0.17
20131114,-0.33
20131115,-0.03
20131118,0.2
20131119,0.34
20131120,0.11
20131121,-0.13
20131122,-0.01
20131125,-0.01
20131126,-0.45
20131127,-0.22
20131129,-0.3
20131202,0.12
20131203,-0.01
20131204,0.04
20131205,-0.49
20131206,0.37
20131209,-0.05
20131210,-0.24
20131211,-0.08
20131212,0.07
20131213,-0.11
20131216,-0.16
20131217,-0.35
20131218,0.42
20131219,0.16
20131220,-0.38
20131223,-0.15
20131224,0.18
20131226,-0.05
20131227,0.25
20131230,-0.37
20131231,-0.23
20140102,0.21
20140103,0.37
20140106,0.38
20140107,0.2
20140108,-0.08
20140109,0.38
20140110,-0.02
20140113,0.42
20140114,-0.33
20140115,0.01
20140116,-0.09
20140117,0.29
20140121,0.17
20140122,-0.1
20140123,-0.14
20140124,0.18
20140127,-0.05
20140128,0.14
20140129,0.08
20140130,-0.72
20140131,-0.03
20140203,0
20140204,-0.37
20140205,-0.07
20140206,-0.7
20140207,0
20140210,0.26
20140211,0.14
20140212,-0.14
20140213,-0.39
20140214,0.03
20140218,-0.12
20140219,-0.05
20140220,-0.03
20140221,-0.03
20140224,-0.26
20140225,0.08
20140226,-0.37
20140227,-0.01
20140228,0.07
20140303,0.16
20140304,-0.15
20140305,-0.13
20140306,-0.02
20140307,0.48
20140310,0.3
20140311,0.11
20140312,0.08
20140313,0.48
20140314,-0.21
20140317,0.03
20140318,-0.06
20140319,0.16
20140320,0.39
20140321,0.28
20140324,0.53
20140325,0.22
20140326,0.28
20140327,0.19
20140328,0.1
20140331,-0.2
20140401,-0.16
20140402,0
20140403,0.37
20140404,0.31
20140407,0.52
20140408,-0.23
20140409,-0.75
20140410,0.36
20140411,0.01
20140414,0.07
20140415,0.11
20140416,-0.48
20140417,0.15
20140421,-0.07
20140422,-0.45
20140423,0.42
20140424,-0.55
20140425,0.2
20140428,-0.49
20140429,-0.02
20140430,-0.1
20140501,-0.45
20140502,-0.01
20140505,-0.45
20140506,0.33
20140507,0.68
20140508,0.04
20140509,-0.16
20140512,-0.16
20140513,0.33
20140514,0.04
20140515,-0.09
20140516,-0.45
20140519,0.04
20140520,0.05
20140521,-0.02
20140522,-0.08
20140523,-0.18
20140527,0.08
20140528,0.19
20140529,-0.11
20140530,-0.05
20140602,-0.16
20140603,0.14
20140604,-0.21
20140605,0.08
20140606,0
20140609,0.32
20140610,0.09
20140611,0.09
20140612,0.63
20140613,0.43
20140616,-0.39
20140617,0.11
20140618,-0.08
20140619,-0.02
20140620,0.1
20140623,0.06
20140624,-0.24
20140625,-0.17
20140626,-0.07
20140627,-0.19
20140630,0.03
20140701,-0.31
20140702,0.04
20140703,-0.12
20140707,0.05
20140708,0.25
20140709,-0.19
20140710,0.22
20140711,-0.14
20140714,0
20140715,0.35
20140716,0.63
20140717,-0.2
20140718,-0.13
20140721,0.26
20140722,-0.15
20140723,-0.36
20140724,-0.22
20140725,0.18
20140728,-0.04
20140729,-0.07
20140730,-0.08
20140731,0.07
20140801,-0.34
20140804,-0.12
20140805,-0.15
20140806,0.18
20140807,-0.3
20140808,-0.26
20140811,-0.18
20140812,0.11
20140813,0
20140814,-0.28
20140815,-0.1
20140818,0.06
20140819,-0.18
20140820,0.1
20140821,0.35
20140822,-0.28
20140825,-0.02
20140826,0.09
20140827,-0.08
20140828,0
20140829,0.26
20140902,-0.4
20140903,0.21
20140904,0.01
20140905,0.06
20140908,0
20140909,-0.14
20140910,-0.21
20140911,0.3
20140912,0.02
20140915,0.11
20140916,-0.04
20140917,0.09
20140918,0.01
20140919,-0.08
20140922,-0.09
20140923,-0.02
20140924,-0.51
20140925,-0.07
20140926,-0.03
20140929,-0.19
20140930,0.01
20141001,0.09
20141002,-0.21
20141003,-0.36
20141006,0.17
20141007,-0.19
20141008,-0.24
20141009,-0.64
20141010,-0.7
20141013,0.27
20141014,0.03
20141015,-0.37
20141016,-0.22
20141017,-0.28
20141020,-0.28
20141021,-0.51
20141022,0.19
20141023,-0.1
20141024,0.08
20141027,-0.41
20141028,-0.23
20141029,0.1
20141030,-0.84
20141031,0.29
20141103,-0.2
20141104,0.19
20141105,0.22
20141106,-0.22
20141107,0.34
20141110,-0.12
20141111,-0.23
20141112,-0.23
20141113,-0.11
20141114,0.41
20141117,0.08
20141118,-0.12
20141119,-0.21
20141120,0.15
20141121,0.08
20141124,-0.66
20141125,-0.17
20141126,-0.08
20141128,-0.69
20141201,0.64
20141202,-0.16
20141203,-0.01
20141204,-0.04
20141205,0
20141208,-0.33
20141209,0.11
20141210,-0.11
20141211,-0.1
20141212,-0.22
20141215,-0.03
20141216,0.27
20141217,0.16
20141218,0.27
20141219,0.37
20141222,-0.02
20141223,0.4
20141224,-0.09
20141226,-0.32
20141229,-0.11
20141230,0.13
20141231,-0.1
20150102,0.5
20150105,-0.38
20150106,-0.31
20150107,-0.17
20150108,-0.16
20150109,0.07
20150112,0.07
20150113,-0.35
20150114,-0.04
20150115,0.25
20150116,0.03
20150120,-0.56
20150121,0
20150122,0.09
20150123,-0.51
20150126,-0.21
20150127,-0.66
20150128,-0.92
20150129,-0.15
20150130,-0.25
20150202,0.33
20150203,0.15
20150204,-0.17
20150205,0.17
20150206,0.1
20150209,0.12
20150210,-0.53
20150211,-0.17
20150212,0.12
20150213,-0.12
20150217,-0.03
20150218,-0.43
20150219,-0.41
20150220,-0.21
20150223,-0.55
20150224,0.5
20150225,-0.32
20150226,-0.43
20150227,0.15
20150302,-0.22
20150303,0.12
20150304,-0.17
20150305,-0.33
20150306,-0.01
20150309,-0.2
20150310,-0.13
20150311,0.23
20150312,-0.54
20150313,0
20150316,-0.36
20150317,-0.17
20150318,-0.17
20150319,-0.6
20150320,0.08
20150323,0.18
20150324,-0.24
20150325,0.16
20150326,-0.03
20150327,-0.37
20150330,0.05
20150331,0.26
20150401,0.09
20150402,-0.02
20150406,0.02
20150407,0.07
20150408,-0.32
20150409,0.06
20150410,0.06
20150413,0.23
20150414,0.13
20150415,0.47
20150416,0.02
20150417,-0.04
20150420,-0.12
20150421,-0.29
20150422,0.13
20150423,-0.34
20150424,-0.42
20150427,0.15
20150428,0.68
20150429,0.48
20150430,0.59
20150501,-0.18
20150504,0.14
20150505,-0.12
20150506,-0.06
20150507,-0.06
20150508,0.04
20150511,0.15
20150512,0.12
20150513,0.03
20150514,-0.57
20150515,-0.1
20150518,-0.06
20150519,-0.01
20150520,-0.27
20150521,-0.21
20150522,0.04
20150526,-0.05
20150527,0.01
20150528,0.06
20150529,-0.04
20150601,-0.12
20150602,0.37
20150603,0.03
20150604,0.09
20150605,0.15
20150608,0.06
20150609,0.22
20150610,-0.04
20150611,-0.22
20150612,-0.05
20150615,-0.27
20150616,-0.09
20150617,-0.11
20150618,-0.33
20150619,-0.14
20150622,-0.07
20150623,0.03
20150624,-0.01
20150625,-0.12
20150626,0.07
20150629,0.05
20150630,-0.46
20150701,-0.03
20150702,-0.11
20150706,-0.05
20150707,-0.18
20150708,0.3
20150709,-0.19
20150710,-0.25
20150713,-0.32
20150714,-0.16
20150715,0.17
20150716,-0.24
20150717,-0.62
20150720,-0.47
20150721,0.18
20150722,0.2
20150723,0.04
20150724,0.2
20150727,-0.09
20150728,-0.13
20150729,0.07
20150730,-0.34
20150731,-0.23
20150803,0.11
20150804,0.03
20150805,0.16
20150806,0.8
20150807,-0.04
20150810,0.15
20150811,-0.15
20150812,-0.04
20150813,-0.19
20150814,0.19
20150817,-0.31
20150818,-0.17
20150819,-0.05
20150820,0.5
20150821,0.9
20150824,-0.22
20150825,-0.5
20150826,-0.42
20150827,0.21
20150828,0.18
20150831,0.43
20150901,-0.21
20150902,-0.37
20150903,0.28
20150904,-0.37
20150908,-0.18
20150909,-0.12
20150910,-0.27
20150911,-0.58
20150914,-0.05
20150915,0.01
20150916,0.41
20150917,-0.38
20150918,-0.13
20150921,-0.02
20150922,-0.31
20150923,-0.13
20150924,0.19
20150925,0.44
20150928,0.58
20150929,0.12
20150930,-0.38
20151001,-0.51
20151002,0.25
20151005,0.85
20151006,1.13
20151007,-0.15
20151008,0.51
20151009,-0.49
20151012,-0.71
20151013,0.13
20151014,0.74
20151015,-0.15
20151016,-0.63
20151019,-0.45
20151020,0.16
20151021,-0.27
20151022,0.52
20151023,-0.29
20151026,-0.71
20151027,-1.02
20151028,0.19
20151029,-0.72
20151030,0.14
20151102,0.26
20151103,0.58
20151104,0.01
20151105,-0.23
20151106,0.27
20151109,0.08
20151110,-0.23
20151111,-0.29
20151112,-0.4
20151113,0.29
20151116,0.05
20151117,-0.46
20151118,0.25
20151119,0.01
20151120,-0.43
20151123,-0.1
20151124,0.66
20151125,-0.27
20151127,-0.36
20151130,0.69
20151201,0.03
20151202,-0.48
20151203,0.17
20151204,-0.99
20151207,-0.93
20151208,-0.81
20151209,0.57
20151210,0.06
20151211,-0.34
20151214,-0.52
20151215,0.58
20151216,-0.5
20151217,-0.66
20151218,0.42
20151221,-0.12
20151222,0.72
20151223,1.04
20151224,-0.17
20151228,-0.64
20151229,-0.17
20151230,-0.28
20151231,0.22
20160104,0.83
20160105,-0.56
20160106,-1.1
20160107,-0.67
20160108,-0.11
20160111,-0.59
20160112,-1.02
20160113,0.51
20160114,0.14
20160115,-0.9
20160119,-1.2
20160120,-0.6
20160121,0.88
20160122,0.03
20160125,-1.09
20160126,1.32
20160127,1.01
20160128,1.32
20160129,0.78
20160201,-0.71
20160202,-0.78
20160203,1.16
20160204,1.16
20160205,0.62
20160208,-0.42
20160209,-1.38
20160210,-0.67
20160211,-0.6
20160212,1
20160216,-0.2
20160217,0.54
20160218,0.16
20160219,-0.78
20160222,0.41
20160223,-0.81
20160224,0.23
20160225,-0.24
20160226,0.52
20160229,0.5
20160301,0.12
20160302,1.76
20160303,0.82
20160304,0.56
20160307,1.59
20160308,-1.63
20160309,0.65
20160310,0.3
20160311,0.15
20160314,-0.18
20160315,-0.03
20160316,0.88
20160317,1.15
20160318,-0.22
20160321,-0.05
20160322,-0.51
20160323,-1.14
20160324,0.62
20160328,-0.32
20160329,-0.52
20160330,-0.03
20160331,0.18
20160401,-0.79
20160404,-0.25
20160405,-0.07
20160406,0.03
20160407,-0.02
20160408,0.63
20160411,0.61
20160412,0.63
20160413,0
20160414,0.14
20160415,-0.12
20160418,0.22
20160419,0.78
20160420,0.29
20160421,0.06
20160422,0.96
20160425,-0.51
20160426,0.65
20160427,1.17
20160428,0.17
20160429,0.11
20160502,-0.56
20160503,-0.82
20160504,-0.39
20160505,-0.04
20160506,0.31
20160509,-1.51
20160510,0.65
20160511,0.73
20160512,-0.14
20160513,-0.36
20160516,0.22
20160517,0.78
20160518,-1.16
20160519,0.22
20160520,-0.11
20160523,0.49
20160524,-0.76
20160525,0.72
20160526,-0.37
20160527,-0.42
20160531,0.19
20160601,-0.26
20160602,-0.04
20160603,0.54
20160606,0.86
20160607,0.62
20160608,-0.07
20160609,-0.2
20160610,-0.36
20160613,0.39
20160614,-0.12
20160615,0.25
20160616,-0.17
20160617,1.41
20160620,0.07
20160621,0.21
20160622,-0.41
20160623,0.08
20160624,-0.68
20160627,-0.92
20160628,0.23
20160629,0.05
20160630,0.04
20160701,0.45
20160705,-0.84
20160706,0.02
20160707,-0.4
20160708,0.27
20160711,-0.09
20160712,1.12
20160713,-0.13
20160714,-0.31
20160715,0.22
20160718,-0.14
20160719,-0.42
20160720,-0.27
20160721,0.33
20160722,-0.32
20160725,-0.5
20160726,0.56
20160727,-0.57
20160728,-0.34
20160729,0.53
20160801,-1.29
20160802,0.29
20160803,0.36
20160804,-0.03
20160805,0.17
20160808,0.9
20160809,-0.09
20160810,-0.11
20160811,0.24
20160812,0.03
20160815,0.27
20160816,0.27
20160817,0.07
20160818,0.67
20160819,-0.36
20160822,-0.35
20160823,0.02
20160824,-0.27
20160825,0.23
20160826,-0.32
20160829,0.28
20160830,-0.52
20160831,-0.38
20160901,-0.05
20160902,0.22
20160906,0.56
20160907,-0.43
20160908,0.54
20160909,-0.58
20160912,0.02
20160913,-0.63
20160914,-0.17
20160915,0.19
20160916,-0.14
20160919,-0.14
20160920,-0.16
20160921,0.56
20160922,0.06
20160923,-0.51
20160926,0.55
20160927,-0.56
20160928,1.62
20160929,1.02
20160930,0.18
20161003,-0.17
20161004,-0.79
20161005,0.58
20161006,-0.13
20161007,0.07
20161010,0.05
20161011,-0.07
20161012,-0.24
20161013,-0.09
20161014,-0.23
20161017,0.06
20161018,-0.22
20161019,0.5
20161020,0.2
20161021,-0.52
20161024,-0.46
20161025,0.08
20161026,0.27
20161027,0.02
20161028,0.12
20161031,-0.5
20161101,0.11
20161102,-0.16
20161103,0.72
20161104,0.08
20161107,-0.12
20161108,0.11
20161109,-0.01
20161110,-0.22
20161111,-0.68
20161114,0.2
20161115,0.71
20161116,-0.37
20161117,-0.84
20161118,0.16
20161121,0.73
20161122,0.34
20161123,0.24
20161125,-0.37
20161128,-0.08
20161129,-0.89
20161130,2.21
20161201,-0.08
20161202,0.45
20161205,-0.01
20161206,-0.07
20161207,-0.34
20161208,-0.22
20161209,-0.3
20161212,0.4
20161213,0.01
20161214,-0.87
20161215,-0.1
20161216,-0.2
20161219,-0.07
20161220,-0.11
20161221,-0.1
20161222,-0.35
20161223,-0.28
20161227,0.12
20161228,-0.23
20161229,-0.02
20161230,-0.13
20170103,0.27
20170104,0.11
20170105,-0.26
20170106,-0.23
20170109,-0.22
20170110,-0.24
20170111,0.58
20170112,-0.14
20170113,-0.2
20170117,0.47
20170118,-0.13
20170119,0.02
20170120,0.22
20170123,-0.67
20170124,0.84
20170125,0.09
20170126,-0.39
20170127,-0.43
20170130,-0.72
20170131,0.15
20170201,-0.01
20170202,0.23
20170203,0.18
20170206,-0.31
20170207,-0.77
20170208,0.01
20170209,0.13
20170210,0.37
20170213,-0.21
20170214,-0.02
20170215,-0.39
20170216,-0.6
20170217,-0.41
20170221,0.3
20170222,-0.86
20170223,-0.38
20170224,-0.54
20170227,0.49
20170228,-0.19
20170301,0.25
20170302,-0.7
20170303,-0.19
20170306,-0.01
20170307,-0.36
20170308,-1.12
20170309,-0.29
20170310,-0.11
20170313,0.05
20170314,-0.69
20170315,0.88
20170316,0.03
20170317,-0.23
20170320,0.2
20170321,-0.06
20170322,-0.06
20170323,0.02
20170324,-0.11
20170327,0.04
20170328,0.52
20170329,0.75
20170330,-0.04
20170331,0.18
20170403,-0.14
20170404,0.21
20170405,-0.43
20170406,0.54
20170407,-0.31
20170410,0.38
20170411,-0.13
20170412,-0.61
20170413,-0.64
20170417,-0.36
20170418,-0.21
20170419,-0.96
20170420,-0.01
20170421,-0.41
20170424,-0.24
20170425,0.31
20170426,0.03
20170427,-0.57
20170428,0.12
20170501,-0.33
20170502,-0.41
20170503,-0.08
20170504,-1.35
20170505,1.08
20170508,0.35
20170509,-0.24
20170510,0.86
20170511,-0.37
20170512,-0.34
20170515,0.08
20170516,-0.07
20170517,0.14
20170518,-0.17
20170519,0.79
20170522,-0.05
20170523,-0.3
20170524,-0.47
20170525,-0.91
20170526,-0.09
20170530,-0.32
20170531,-0.32
20170601,0.12
20170602,-0.83
20170605,0.34
20170606,0.42
20170607,-1
20170608,-0.1
20170609,0.85
20170612,0.42
20170613,0.16
20170614,-1.12
20170615,-0.27
20170616,0.12
20170619,0.16
20170620,-0.32
20170621,-1.08
20170622,0.25
20170623,0.31
20170626,0.3
20170627,0.36
20170628,0.09
20170629,0.22
20170630,0.16
20170703,0.59
20170705,-0.72
20170706,-0.19
20170707,-0.47
20170710,0.29
20170711,0.45
20170712,-0.33
20170713,0.64
20170714,0.04
20170717,0.09
20170718,-0.44
20170719,0.23
20170720,-0.32
20170721,-0.42
20170724,-0.04
20170725,0.83
20170726,0.08
20170727,0.51
20170728,0.1
20170731,-0.05
20170801,-0.26
20170802,0.04
20170803,-0.51
20170804,0.17
20170807,-0.35
20170808,-0.03
20170809,-0.28
20170810,-0.36
20170811,-0.19
20170814,-0.46
20170815,0.04
20170816,-0.27
20170817,0.03
20170818,0.23
20170821,-0.28
20170822,0.13
20170823,0.7
20170824,0.26
20170825,0.49
20170828,-0.01
20170829,0.18
20170830,-0.52
20170831,-0.08
20170901,0.51
20170905,0.23
20170906,0.38
20170907,0.27
20170908,-0.85
20170911,0.02
20170912,0.38
20170913,0.45
20170914,0.22
20170915,0.09
20170918,-0.03
20170919,0.36
20170920,0.2
20170921,-0.15
20170922,-0.07
20170925,1.12
20170926,-0.06
20170927,-0.48
20170928,-0.07
20170929,-0.27
20171002,-0.03
20171003,-0.17
20171004,0
20171005,-0.02
20171006,-0.62
20171009,0.12
20171010,0.31
20171011,-0.05
20171012,-0.15
20171013,0.09
20171016,-0.09
20171017,0
20171018,0.04
20171019,-0.1
20171020,0.24
20171023,-0.08
20171024,-0.06
20171025,-0.47
20171026,-0.01
20171027,-1.12
20171030,0.2
20171031,-0.14
20171101,0.37
20171102,-0.22
20171103,0.12
20171106,0.82
20171107,0.13
20171108,-0.24
20171109,0.85
20171110,0.15
20171113,-0.67
20171114,-0.7
20171115,-0.29
20171116,0.42
20171117,0.43
20171120,-0.07
20171121,-0.42
20171122,0.69
20171124,-0.03
20171127,-0.45
20171128,-0.3
20171129,0.07
20171130,0.25
20171201,0.8
20171204,-0.09
20171205,-0.03
20171206,-0.6
20171207,0.14
20171208,-0.02
20171211,0.55
20171212,-0.39
20171213,0.18
20171214,0.01
20171215,-0.81
20171218,0.39
20171219,0.19
20171220,0.54
20171221,0.49
20171222,0.19
20171226,0.7
20171227,-0.09
20171228,-0.05
20171229,0.16
20180102,0.63
20180103,0.24
20180104,-0.05
20180105,-0.42
20180108,0.38
20180109,-0.46
20180110,-0.14
20180111,0.7
20180112,-0.02
20180116,-0.63
20180117,-0.17
20180118,-0.06
20180119,-0.16
20180122,0.57
20180123,-0.13
20180124,0.25
20180125,-0.37
20180126,-0.24
20180129,-0.68
20180130,-0.7
20180131,-0.19
20180201,-0.04
20180202,-1.03
20180205,0
20180206,-0.04
20180207,-0.17
20180208,0.51
20180209,-0.87
20180212,0.1
20180213,-0.19
20180214,0.17
20180215,-0.47
20180216,-0.15
20180220,-1.02
20180221,-0.56
20180222,0.55
20180223,-0.02
20180226,-0.16
20180227,-0.33
20180228,-0.53
20180301,0.46
20180302,0.12
20180305,0.17
20180306,-0.27
20180307,-0.94
20180308,-0.34
20180309,-0.1
20180312,0
20180313,-0.02
20180314,-0.11
20180315,-0.36
20180316,0.65
20180319,-0.33
20180320,-0.02
20180321,1.34
20180322,0.23
20180323,1.13
20180326,-0.78
20180327,0.38
20180328,-0.27
20180329,0.31
20180402,-0.01
20180403,0.13
20180404,-0.04
20180405,0.44
20180406,0.29
20180409,0.13
20180410,0.49
20180411,0.66
20180412,-0.62
20180413,0.51
20180416,-0.21
20180417,-0.16
20180418,0.51
20180419,-0.17
20180420,-0.24
20180423,0.23
20180424,0.52
20180425,0.51
20180426,-0.06
20180427,-0.01
20180430,0.18
20180501,-0.98
20180502,0.44
20180503,-0.18
20180504,-0.09
20180507,-0.38
20180508,0.05
20180509,0.51
20180510,0.23
20180511,0.21
20180514,0.57
20180515,0.36
20180516,0.3
20180517,0.55
20180518,-0.26
20180521,0.06
20180522,-0.5
20180523,-0.36
20180524,-0.46
20180525,-1.16
20180529,0.19
20180530,0.65
20180531,0.03
20180601,-0.42
20180604,-0.82
20180605,0.27
20180606,0.03
20180607,1.11
20180608,-0.02
20180611,0.42
20180612,-0.13
20180613,-0.21
20180614,-0.47
20180615,-0.67
20180618,0.42
20180619,0.11
20180620,0.16
20180621,-0.52
20180622,1.36
20180625,-0.08
20180626,0.27
20180627,1.08
20180628,-0.33
20180629,0.02
20180702,-1.05
20180703,0.81
20180705,-0.3
20180706,-0.03
20180709,0.13
20180710,0.36
20180711,-0.75
20180712,-0.54
20180713,0.28
20180716,-0.6
20180717,-0.27
20180718,-0.22
20180719,0.4
20180720,-0.46
20180723,-0.22
20180724,0.25
20180725,-0.3
20180726,0.12
20180727,-0.14
20180730,1.3
20180731,-0.14
20180801,-1.31
20180802,-0.6
20180803,0.49
20180806,-0.12
20180807,-0.13
20180808,-0.06
20180809,-0.01
20180810,0.49
20180813,-0.59
20180814,-0.01
20180815,-1.07
20180816,0.08
20180817,0.37
20180820,0.55
20180821,0.16
20180822,0.5
20180823,-0.11
20180824,-0.19
20180827,-0.29
20180828,-0.09
20180829,-0.04
20180830,-0.3
20180831,-0.12
20180904,-0.25
20180905,0.19
20180906,-0.64
20180907,-0.02
20180910,0.3
20180911,0.33
20180912,0.67
20180913,-0.09
20180914,0
20180917,0.51
20180918,0.27
20180919,0.58
20180920,-0.28
20180921,0.25
20180924,0.47
20180925,0.05
20180926,-0.05
20180927,-0.38
20180928,0.15
20181001,0.48
20181002,-0.23
20181003,0.12
20181004,-0.02
20181005,0.3
20181008,0.31
20181009,0.09
20181010,-0.3
20181011,-0.21
20181012,-0.18
20181015,0.65
20181016,-0.59
20181017,-0.9
20181018,0.26
20181019,0.04
20181022,-0.25
20181023,-0.59
20181024,-0.32
20181025,-1.02
20181026,0.29
20181029,-0.25
20181030,-0.02
20181031,-1.14
20181101,-0.15
20181102,0.5
20181105,0.86
20181106,-0.12
20181107,-0.32
20181108,-0.73
20181109,0.11
20181112,0.18
20181113,-0.81
20181114,0.22
20181115,-0.52
20181116,-0.39
20181119,0.94
20181120,-1.41
20181121,1
20181123,-1.09
20181126,-0.15
20181127,-0.13
20181128,-0.7
20181129,0.28
20181130,-0.96
20181203,0.52
20181204,0.61
20181206,-0.62
20181207,0.63
20181210,-1.17
20181211,-0.12
20181212,-0.06
20181213,-0.16
20181214,0.03
20181217,-0.18
20181218,-1.08
20181219,0.36
20181220,-1.04
20181221,-0.37
20181224,-0.45
20181226,0.44
20181227,-0.47
20181228,-0.32
20181231,-0.33
20190102,1.77
20190103,1.09
20190104,0.34
20190107,1.04
20190108,-0.06
20190109,0.29
20190110,0.02
20190111,-0.09
20190114,0.11
20190115,-0.29
20190116,-0.44
20190117,0.07
20190118,-0.16
20190122,-0.58
20190123,-0.23
20190124,-0.08
20190125,0.46
20190128,-0.23
20190129,-0.06
20190130,-0.4
20190131,-0.01
20190201,0.23
20190204,-0.3
20190205,-0.07
20190206,-0.32
20190207,-1.03
20190208,-0.08
20190211,0.52
20190212,-0.1
20190213,0.69
20190214,0.22
20190215,0.29
20190219,0.04
20190220,0.05
20190221,-0.74
20190222,-0.05
20190225,0.04
20190226,0.08
20190227,0.4
20190228,-0.37
20190301,0.32
20190304,0.19
20190305,-0.33
20190306,-0.69
20190307,0.42
20190308,-0.81
20190311,0.07
20190312,0.54
20190313,0.51
20190314,-0.07
20190315,-0.58
20190318,0.56
20190319,0.09
20190320,0.7
20190321,-0.55
20190322,-0.19
20190325,-0.38
20190326,0.39
20190327,-0.21
20190328,-0.08
20190329,-0.36
20190401,0.07
20190402,-0.5
20190403,-0.67
20190404,0.45
20190405,0.48
20190408,0.05
20190409,-0.41
20190410,0
20190411,-0.42
20190412,-0.09
20190415,-0.19
20190416,0.57
20190417,-0.37
20190418,-0.22
20190422,0.57
20190423,-0.22
20190424,-0.58
20190425,-0.78
20190426,-0.16
20190429,-0.22
20190430,-0.28
20190501,-0.29
20190502,-0.64
20190503,0.04
20190506,0.15
20190507,-0.02
20190508,0.18
20190509,-0.1
20190510,-0.4
20190513,-0.02
20190514,0.48
20190515,0.06
20190516,-0.94
20190517,-0.15
20190520,0.08
20190521,0.18
20190522,-0.97
20190523,-0.51
20190524,-0.43
20190528,-0.2
20190529,-0.29
20190530,-0.31
20190531,-0.15
20190603,1.29
20190604,0.06
20190605,-1.44
20190606,-0.01
20190607,-0.41
20190610,-0.49
20190611,0.28
20190612,-0.77
20190613,0.54
20190614,-0.78
20190617,0.29
20190618,0.29
20190619,-0.2
20190620,0.44
20190621,0.38
20190624,-0.61
20190625,0.56
20190626,0.63
20190627,-0.34
20190628,0.38
20190701,-0.22
20190702,-0.82
20190703,-0.17
20190705,0.19
20190708,0.09
20190709,-0.45
20190710,0.16
20190711,-0.44
20190712,0.01
20190715,-0.31
20190716,-0.34
20190717,-0.93
20190718,-0.23
20190719,0.64
20190722,-0.18
20190723,0.11
20190724,-0.07
20190725,-0.68
20190726,-0.22
20190729,-0.01
20190730,0.99
20190731,0.35
20190801,-1.15
20190802,-0.11
20190805,0.22
20190806,-1.1
20190807,-0.29
20190808,-0.18
20190809,-0.79
20190812,-0.1
20190813,-0.32
20190814,-0.64
20190815,-0.99
20190816,0.5
20190819,0.61
20190820,-0.03
20190821,-0.18
20190822,0.08
20190823,-0.53
20190826,-0.51
20190827,-0.37
20190828,0.63
20190829,0.11
20190830,-0.1
20190903,-0.03
20190904,0.86
20190905,0.47
20190906,0.43
20190909,2.23
20190910,1.23
20190911,0.12
20190912,-1.01
20190913,0.28
20190916,1.87
20190917,-1.47
20190918,-0.73
20190919,-0.41
20190920,0.3
20190923,0.23
20190924,-0.73
20190925,-0.29
20190926,-0.33
20190927,0.33
20190930,-0.4
20191001,-0.57
20191002,-0.59
20191003,-0.05
20191004,-0.47
20191007,-0.32
20191008,-0.28
20191009,-0.3
20191010,0.48
20191011,0.62
20191014,-0.31
20191015,-0.22
20191016,0.02
20191017,-0.16
20191018,0.09
20191021,0.16
20191022,0.98
20191023,0.34
20191024,-1.27
20191025,0.4
20191028,-0.4
20191029,0.2
20191030,-0.77
20191031,-0.23
20191101,1.05
20191104,1.26
20191105,0.16
20191106,-0.3
20191107,0.3
20191108,0.52
20191111,-0.53
20191112,-0.51
20191113,-0.56
20191114,-0.35
20191115,0.17
20191118,-0.63
20191119,-0.7
20191120,-0.12
20191121,0.44
20191122,0.33
20191125,0.37
20191126,-0.82
20191127,0.02
20191129,-0.19
20191202,0.33
20191203,-0.29
20191204,0.34
20191205,-0.3
20191206,0.71
20191209,0.22
20191210,0.02
20191211,-0.03
20191212,0.84
20191213,-0.84
20191216,-0.11
20191217,0.02
20191218,0.25
20191219,-0.12
20191220,-0.25
20191223,0.76
20191224,0.19
20191226,-0.37
20191227,-0.4
20191230,-0.1
20191231,0.53
20200102,-0.57
20200103,-0.01
20200106,0.21
20200107,0.23
20200108,-0.99
20200109,-0.37
20200110,-0.38
20200113,-0.31
20200114,0.74
20200115,-0.12
20200116,-0.27
20200117,-0.43
20200121,-0.55
20200122,-0.53
20200123,-0.31
20200124,-0.78
20200127,-0.38
20200128,0.07
20200129,-0.01
20200130,-0.55
20200131,-0.17
20200203,-0.71
20200204,-0.07
20200205,1.21
20200206,-0.32
20200207,-0.32
20200210,-0.41
20200211,0.4
20200212,0.36
20200213,-0.9
20200214,-0.49
20200218,-0.04
20200219,0.4
20200220,0.38
20200221,0.12
20200224,-0.33
20200225,-0.64
20200226,-1.19
20200227,-0.18
20200228,1.47
20200302,-0.79
20200303,0.12
20200304,-0.74
20200305,-0.13
20200306,-0.91
20200309,-2.3
20200310,-0.73
20200311,-0.43
20200312,-0.79
20200313,-1.1
20200316,1.35
20200317,-1.7
20200318,-1.26
20200319,1.14
20200320,1.53
20200323,-0.8
20200324,-0.06
20200325,0.71
20200326,-1.64
20200327,-0.2
20200330,-1.83
20200331,0.79
20200401,0.17
20200402,-0.56
20200403,0.93
20200406,-1.5
20200407,0.64
20200408,0.73
20200409,0.15
20200413,0.44
20200414,-0.76
20200415,-0.41
20200416,-0.78
20200417,0.91
20200420,0.86
20200421,0.48
20200422,-0.97
20200423,1
20200424,0.18
20200427,0.16
20200428,0.81
20200429,-0.34
20200430,-0.09
20200501,-0.9
20200504,0.27
20200505,0
20200506,-0.69
20200507,-0.17
20200508,0.72
20200511,0.79
20200512,0.63
20200513,-0.99
20200514,-0.33
20200515,-0.22
20200518,0.27
20200519,-0.18
20200520,-0.2
20200521,0.37
20200522,-0.39
20200526,0.48
20200527,0.08
20200528,-0.77
20200529,-0.19
20200601,1.36
20200602,0.63
20200603,-0.21
20200604,1.34
20200605,0.88
20200608,3.09
20200609,-1.81
20200610,-1.97
20200611,-1.21
20200612,0.45
20200615,0.37
20200616,0.06
20200617,-0.79
20200618,-0.03
20200619,0.6
20200622,-0.83
20200623,-0.18
20200624,-0.48
20200625,0.08
20200626,-0.06
20200629,0.1
20200630,-0.01
20200701,-0.67
20200702,0.72
20200706,0.84
20200707,0.4
20200708,-0.39
20200709,-1.21
20200710,0.87
20200713,-0.06
20200714,0.61
20200715,1.02
20200716,0.43
20200717,-0.14
20200720,-0.85
20200721,0.75
20200722,-0.32
20200723,0.35
20200724,-0.74
20200727,0.34
20200728,0.09
20200729,-0.3
20200730,-0.87
20200731,-1.36
20200803,0.83
20200804,0.35
20200805,0.12
20200806,-1.09
20200807,0.65
20200810,1.01
20200811,-0.26
20200812,0.17
20200813,-0.02
20200814,0.73
20200817,0.36
20200818,-0.52
20200819,-0.12
20200820,-0.57
20200821,-0.78
20200824,0.22
20200825,-0.17
20200826,-0.48
20200827,0.44
20200828,-0.12
20200831,1.24